group,label,step,mean_activation,mean_energy,hard_active_ratio,strong_output_ratio,activation_entropy,weight_mean,weight_std,weight_abs_mean,turnover_fraction,mean_abs_weight_change
A_L,L then R,1000,0.36034580696646823,0.3750885427811851,0.49333333333333335,0.5066666666666667,2.1868886645978702,0.00040284797142756676,0.5588705028716265,0.4847363637547304,1.0,0.012220191644748944
A_L,L then R,2000,0.37724311523653997,0.38206042574787963,0.5066666666666667,0.5233333333333333,2.2602000724569864,0.00039998155584117717,0.5450914184481134,0.47279114021164165,1.0,0.011945404887150582
A_L,L then R,3000,0.34115963867639093,0.3609590467835608,0.47,0.5066666666666667,2.3473566491661777,0.00039728059567890325,0.5316530760883107,0.461141015336326,1.0,0.011650274554488579
A_L,L then R,4000,0.36732020276853067,0.355220811248607,0.5066666666666667,0.5166666666666667,2.3059241079125075,0.0003946160275094294,0.518546190412224,0.4497785148381501,1.0,0.011362649488223572
A_L,L then R,5000,0.3546377446493363,0.36224755392922847,0.48333333333333334,0.49333333333333335,2.2792595707295464,0.0003919978236237737,0.5057629832841506,0.4386965051530603,1.0,0.011082155206855585
A_L,L then R,6000,0.3575085109349858,0.34569251714002697,0.51,0.53,2.3789329195781352,0.00038923816336260136,0.4932946702917362,0.4278871240294213,1.0,0.010809527430774794
A_L,L then R,7000,0.3554368769284169,0.33632712242906443,0.48,0.5066666666666667,2.4374871397343925,0.00038656315707945294,0.48113431988740174,0.4173450160467029,1.0,0.01054224316245558
A_L,L then R,8000,0.3385579994909341,0.3714122555957482,0.48,0.5,2.247482983775169,0.00038311336687731014,0.4692713886250802,0.4070598814461607,1.0,0.010285231662309992
A_L,L then R,9000,0.3529409607038064,0.3617298572329052,0.4866666666666667,0.5066666666666667,2.3064401828743724,0.0003802564929993057,0.45770316866200533,0.3970308233014997,1.0,0.010029189400515306
A_L,L then R,10000,0.33565018438714217,0.376791940601949,0.47333333333333333,0.49666666666666665,2.2437910472851654,0.00037708305780362187,0.44641933238309917,0.387247728154238,0.9997770345596433,0.009783205126523227
A_L,L then R,11000,0.3496769615399605,0.3513072264056713,0.5,0.5333333333333333,2.361795345470073,0.0003745667495850954,0.4354156668787723,0.377707963040927,1.0,0.009539870109334719
A_L,L then R,12000,0.3295554216967204,0.35169568276115437,0.48333333333333334,0.5,2.361345368766423,0.00037177868949792286,0.4246831288782437,0.36840319830180224,1.0,0.009304866264652293
A_L,L then R,13000,0.3341129776964273,0.35263848801756825,0.4766666666666667,0.49,2.3100414346796607,0.000368416245371221,0.41421265273955743,0.3593248089057345,0.9997770345596433,0.009078463290093639
A_L,L then R,14000,0.3264189690397514,0.35142443727792677,0.45666666666666667,0.4866666666666667,2.3945076793057694,0.00036529180120552403,0.40400173032908926,0.35047169273826245,1.0,0.008853191198617492
A_L,L then R,15000,0.34081857754156764,0.324588529475672,0.49666666666666665,0.52,2.42655933764808,0.00036203917833878014,0.39404225373918356,0.3418363566006537,1.0,0.008635453414032884
A_L,L then R,16000,0.2983605780110919,0.3362606363254765,0.44333333333333336,0.47,2.4228214777871533,0.000359077727498197,0.38432873289401165,0.33341424046701656,1.0,0.008422180761397164
A_L,L then R,17000,0.30998245612432174,0.3676782753763919,0.46,0.49,2.3068235520844595,0.0003556632125933076,0.37485304644069556,0.32519777300879305,1.0,0.00821652782216411
A_L,L then R,18000,0.30018947113396366,0.36448246751409175,0.44333333333333336,0.48,2.3035518371153936,0.0003525853058644503,0.36561256535579234,0.31718562369191533,0.9995540691192865,0.00801220356141997
A_L,L then R,19000,0.304602807057241,0.35270497637153836,0.43333333333333335,0.47333333333333333,2.429664847495326,0.00034920852286715284,0.35659920202822204,0.3093701158881749,1.0,0.007815549522508826
A_L,L then R,20000,0.31096422289160436,0.35552102072929537,0.47333333333333333,0.49333333333333335,2.3289501997834505,0.00034606373923269326,0.3478081316294537,0.30174715184847906,1.0,0.007623004796700789
A_L,L then R,21000,0.289477356215777,0.35622800292979834,0.4533333333333333,0.47,2.33289058456705,0.0003489570576063842,0.3457903105172442,0.3,0.9995540691192865,0.0017474471060898577
A_L,L then R,22000,0.27689154763288637,0.34345325357592654,0.4,0.4633333333333333,2.359284483551975,0.0003541334308662712,0.3457858828551827,0.30000000000000027,0.9620958751393534,2.0287933869909057e-05
A_L,L then R,23000,0.32035756662312054,0.3261499002080459,0.48333333333333334,0.5266666666666666,2.4439373002407345,0.000359428291592512,0.34578146387704317,0.3000000000000003,0.9645484949832775,2.0552516674535918e-05
A_L,L then R,24000,0.30105036821468195,0.33942941736347687,0.46,0.49666666666666665,2.393026001544285,0.00036475560595341724,0.34577717542499553,0.2999999999999993,0.9643255295429208,2.083951802714764e-05
A_L,L then R,25000,0.3129752046137806,0.3568960240179364,0.47,0.5,2.376091386339299,0.0003698443224061517,0.34577272804122733,0.2999999999999992,0.9638795986622074,2.114114360182653e-05
A_L,L then R,26000,0.30828573167294737,0.3629265218107493,0.47,0.49,2.3698875279431033,0.00037500892567051455,0.34576817868045795,0.3,0.9694537346711259,2.1347834856866985e-05
A_L,L then R,27000,0.306745048743289,0.3518985494095796,0.45,0.48,2.341932138425837,0.0003802677345535372,0.3457639838999132,0.29999999999999927,0.9625418060200669,2.015998166855e-05
A_L,L then R,28000,0.30402285466228696,0.3694080530795322,0.46,0.4866666666666667,2.398380234230837,0.0003855242133631096,0.34575941321748244,0.30000000000000043,0.9683389074693423,2.230366005611268e-05
A_L,L then R,29000,0.31818022463695667,0.32647580090655365,0.4666666666666667,0.49666666666666665,2.4405721781713883,0.0003909360574727025,0.3457546325314483,0.29999999999999927,0.9681159420289855,2.1806318534669027e-05
A_L,L then R,30000,0.30350985915820605,0.3192956094048216,0.44,0.49333333333333335,2.4695217508658813,0.000395874935188323,0.3457505212110611,0.29999999999999927,0.9596432552954292,1.9464619225030957e-05
A_L,L then R,31000,0.3082334858532109,0.3345502006359848,0.4533333333333333,0.5033333333333333,2.467990364804887,0.0004011471253595747,0.34574611087637963,0.2999999999999995,0.9636566332218506,2.087838224628092e-05
A_L,L then R,32000,0.3156473622921566,0.3482662683864159,0.47333333333333333,0.5,2.3249642854050188,0.00040638855892400087,0.3457415127424374,0.2999999999999994,0.9672240802675586,2.2139063436501036e-05
A_L,L then R,33000,0.3149916663603991,0.3566066409000219,0.47333333333333333,0.49333333333333335,2.3397792761768703,0.0004120608121565508,0.34573657482733655,0.3000000000000007,0.9698996655518395,2.3651157873441358e-05
A_L,L then R,34000,0.2972488163479347,0.3302852581186064,0.44666666666666666,0.48,2.3373778106878396,0.00041776877139162885,0.3457318276911075,0.29999999999999877,0.9719063545150501,2.2676725028818274e-05
A_L,L then R,35000,0.32428170764163927,0.31340220983589856,0.4866666666666667,0.52,2.4648142008179534,0.0004229757825600192,0.34572757042329333,0.3000000000000001,0.9643255295429208,2.0278701995833118e-05
A_L,L then R,36000,0.2939392508900315,0.3515636130282432,0.45666666666666667,0.49,2.3539659285905437,0.00042792197679161086,0.34572345830044793,0.30000000000000043,0.9612040133779264,1.997313284712137e-05
A_L,L then R,37000,0.30157044530920674,0.3409054175207375,0.43666666666666665,0.48,2.302364257812117,0.00043290971134525677,0.3457193177378517,0.30000000000000027,0.9636566332218506,1.9602837586712556e-05
A_L,L then R,38000,0.3171777088918208,0.34951383063156016,0.47333333333333333,0.5166666666666667,2.406696667826014,0.0004376755945033048,0.34571519841869297,0.2999999999999992,0.9609810479375697,1.9664165446468808e-05
A_L,L then R,39000,0.31202618804437954,0.32610664035342796,0.47,0.5133333333333333,2.4624977210995733,0.00044303131331535693,0.34571089218259754,0.30000000000000043,0.9641025641025641,2.0888436787622622e-05
A_L,L then R,40000,0.3071582481352825,0.34544813503084554,0.45666666666666667,0.48333333333333334,2.385305852697112,0.00044785678597833857,0.34570665635704473,0.2999999999999999,0.9594202898550724,1.9800732099384204e-05
A_L,L then R,41000,0.2937502955760639,0.3537109717280248,0.45,0.48333333333333334,2.32855997487942,0.00045296050917256313,0.34570236566384716,0.2999999999999998,0.9632107023411371,2.0756147720537255e-05
A_L,L then R,42000,0.3104983904443649,0.3534261489887851,0.4766666666666667,0.5033333333333333,2.3413371714022313,0.0004580372112513197,0.34569791674645944,0.2999999999999999,0.9705685618729097,2.1281721087867377e-05
A_L,L then R,43000,0.2958347421989799,0.3472396835048972,0.45666666666666667,0.49333333333333335,2.381303323443956,0.0004629705567539977,0.3456939941153741,0.2999999999999994,0.9596432552954292,1.9791643695621688e-05
A_L,L then R,44000,0.27879420492246065,0.3650415037080464,0.43333333333333335,0.4633333333333333,2.304232233353545,0.0004677881611072565,0.34568979093842156,0.3000000000000005,0.9632107023411371,2.0254759789476427e-05
A_L,L then R,45000,0.3000254340209466,0.3334517320803536,0.44,0.4666666666666667,2.3641849809932185,0.00047272125211806325,0.3456858814909943,0.3000000000000005,0.9587513935340022,1.88840200904928e-05
A_L,L then R,46000,0.30860874696576496,0.33869032097316426,0.47,0.5133333333333333,2.4291927669522626,0.00047779254862037504,0.345681522475402,0.30000000000000016,0.9623188405797102,2.063038554955772e-05
A_L,L then R,47000,0.3146344691077372,0.340926351871006,0.4766666666666667,0.51,2.4318502710942176,0.0004828716515703722,0.3456771504888128,0.3000000000000009,0.968561872909699,2.14219459428257e-05
A_L,L then R,48000,0.3015776698655289,0.35819866891339736,0.43666666666666665,0.47,2.4091921765559743,0.0004877148479033757,0.3456732225243245,0.3000000000000007,0.9587513935340022,1.8965340527772635e-05
A_L,L then R,49000,0.31355597370990024,0.3347592265513518,0.4766666666666667,0.5,2.3716451769335998,0.0004925635894748161,0.3456692403749163,0.29999999999999954,0.9620958751393534,1.9867840544386313e-05
A_L,L then R,50000,0.2882557775171504,0.35546624491852885,0.44,0.4633333333333333,2.3322587427713253,0.0004976702050989569,0.3456648685679454,0.2999999999999999,0.9654403567447045,2.119820213363677e-05
A_L,L then R,51000,0.31115852100782654,0.3534440469222603,0.47,0.49666666666666665,2.3757446441904144,0.0005029470994319403,0.34566021718513656,0.2999999999999996,0.9701226309921962,2.2133169985672195e-05
A_L,L then R,52000,0.3099310209105917,0.35065231526062207,0.4766666666666667,0.5033333333333333,2.383888934443633,0.0005077545677280911,0.3456560001975144,0.3000000000000001,0.9623188405797102,1.9919165077457736e-05
A_L,L then R,53000,0.2957540012575157,0.3409629816755395,0.43333333333333335,0.47333333333333333,2.3777763911758116,0.0005133494184054038,0.34565151241005926,0.2999999999999999,0.968561872909699,2.21633136156206e-05
A_L,L then R,54000,0.2872129740740013,0.3628588689367371,0.43,0.47,2.3333092508777864,0.0005182664825332203,0.3456472059118896,0.3000000000000004,0.9652173913043478,2.064056305879167e-05
A_L,L then R,55000,0.28179351094208455,0.3481139625450627,0.4266666666666667,0.44666666666666666,2.2897021564699966,0.0005230449004866341,0.3456432578577037,0.2999999999999996,0.9672240802675586,1.9047370431457954e-05
A_L,L then R,56000,0.3085901252658429,0.34853042388333844,0.4633333333333333,0.49333333333333335,2.2858220403097094,0.0005283735829299726,0.34563910659598956,0.2999999999999998,0.9587513935340022,2.0475373068510745e-05
A_L,L then R,57000,0.2928573215842542,0.35402176728699347,0.4633333333333333,0.5,2.342061297028299,0.0005336363238493856,0.34563459871915425,0.2999999999999997,0.9663322185061316,2.1587145379216293e-05
A_L,L then R,58000,0.2730674569809653,0.3660131329154948,0.4033333333333333,0.44666666666666666,2.339041672768351,0.0005380425597752505,0.3456309931447313,0.29999999999999966,0.9587513935340022,1.8241107279119453e-05
A_L,L then R,59000,0.30545057812508847,0.34533641331673676,0.4633333333333333,0.49666666666666665,2.3774341670264487,0.0005431389802113927,0.34562687152469646,0.3000000000000005,0.9634336677814939,2.0144700138888223e-05
A_L,L then R,60000,0.30472944386012824,0.3477811298098956,0.45,0.48333333333333334,2.412615328082458,0.0005481197304686547,0.3456226084648362,0.30000000000000043,0.9623188405797102,2.0128052758071614e-05
A_L,L then R,61000,0.2903204864939629,0.3519153510970053,0.43,0.4666666666666667,2.360604446488329,0.00055329948987378,0.34561819377371295,0.2999999999999997,0.9634336677814939,2.0989809583533034e-05
A_L,L then R,62000,0.3109257763522269,0.33496933078902313,0.45,0.4766666666666667,2.3284925427410736,0.0005581133551511753,0.34561429656895065,0.30000000000000004,0.9616499442586399,1.906952599521936e-05
A_L,L then R,63000,0.3208795625046952,0.35797151411958195,0.48,0.5033333333333333,2.4126706155788322,0.0005635496689331405,0.3456094855505907,0.2999999999999995,0.9721293199554069,2.338284215130679e-05
A_L,L then R,64000,0.31496279314723186,0.33112371278258024,0.4666666666666667,0.5133333333333333,2.453461150648333,0.0005688523155824333,0.3456051361550362,0.2999999999999998,0.9672240802675586,2.122784133740221e-05
A_L,L then R,65000,0.2945886882773452,0.3577886640358647,0.43333333333333335,0.4766666666666667,2.3570243234768222,0.000574042733986565,0.3456005779738721,0.3000000000000007,0.968561872909699,2.207968438874982e-05
A_L,L then R,66000,0.30499724213129753,0.3486374967515479,0.48,0.51,2.3502682496987553,0.0005792313166587182,0.34559637643560676,0.2999999999999996,0.9636566332218506,2.0415716014058245e-05
A_L,L then R,67000,0.30650723628900417,0.35908332937309584,0.4633333333333333,0.4866666666666667,2.2767974065495777,0.0005843492625935606,0.34559220910985095,0.29999999999999927,0.9641025641025641,1.9950966947621924e-05
A_L,L then R,68000,0.31006895510367644,0.3426004878186918,0.46,0.51,2.411733494226629,0.0005895509977541506,0.3455878052576325,0.3000000000000002,0.9641025641025641,2.1347634403100288e-05
A_L,L then R,69000,0.3156384845521029,0.3519232783285262,0.4666666666666667,0.4866666666666667,2.3824976015984856,0.0005953628340680863,0.3455831852243517,0.2999999999999997,0.9714604236343367,2.3269750915108076e-05
A_L,L then R,70000,0.299522011398807,0.33519364213552416,0.4666666666666667,0.5,2.303622964442988,0.0006004504229563521,0.34557885285572765,0.2999999999999992,0.968561872909699,2.0641179127852953e-05
A_L,L then R,71000,0.29421626618594365,0.34623707168105283,0.44,0.48,2.34511803139053,0.0006049161281908628,0.34557512005795304,0.29999999999999927,0.9609810479375697,1.8119705929596585e-05
A_L,L then R,72000,0.2997917595021293,0.3488920884512324,0.44,0.47,2.3526587162779062,0.000609766247530354,0.34557114973047454,0.30000000000000115,0.9600891861761427,1.923139811359382e-05
A_L,L then R,73000,0.3111186339624691,0.34156558401445203,0.46,0.49666666666666665,2.3724288185165086,0.0006145488706661218,0.34556714940549355,0.29999999999999855,0.9634336677814939,1.8943462476557018e-05
A_L,L then R,74000,0.3131909993182559,0.358558743827198,0.45,0.49666666666666665,2.3342556665978527,0.0006198605168879875,0.34556279853943656,0.3000000000000002,0.9649944258639911,2.1718953624416403e-05
A_L,L then R,75000,0.29543363234987774,0.34715623650156957,0.4633333333333333,0.4666666666666667,2.3639235215933407,0.0006251191850555116,0.3455585610741125,0.30000000000000016,0.9690078037904125,2.1012535796814178e-05
A_L,L then R,76000,0.3168763790539831,0.352080646716455,0.5,0.5333333333333333,2.406564035698556,0.0006302023408081056,0.34555417201343597,0.3000000000000008,0.967670011148272,2.1444222663879512e-05
A_L,L then R,77000,0.3179522340255001,0.33962195779795984,0.47,0.49333333333333335,2.3709412861752845,0.0006355127683385043,0.34554977306494306,0.30000000000000093,0.9672240802675586,2.236374028016854e-05
A_L,L then R,78000,0.3253362362586118,0.33721646799711236,0.49666666666666665,0.5266666666666666,2.360171817399777,0.0006406924703135843,0.34554520782011694,0.2999999999999999,0.968561872909699,2.1699073535112898e-05
A_L,L then R,79000,0.3070805314489555,0.3367597871130166,0.46,0.49333333333333335,2.4206008992134755,0.0006460019808902139,0.3455407921478928,0.2999999999999994,0.9661092530657748,2.156214234046305e-05
A_L,L then R,80000,0.2848047154105162,0.3777614364440881,0.44666666666666666,0.4633333333333333,2.270063346609916,0.0006508501591509879,0.3455366772346144,0.29999999999999877,0.9632107023411371,2.0053754864786682e-05
A_L,L then R,81000,0.2940802318822337,0.3502275946751288,0.43,0.46,2.355099933569109,0.0006562170663064659,0.345532517283088,0.3000000000000006,0.9656633221850613,2.074002063297839e-05
A_L,L then R,82000,0.3015874451371431,0.33732567580617057,0.46,0.4866666666666667,2.3408053819730985,0.0006612964566607327,0.345528318763704,0.2999999999999999,0.9603121516164994,1.964228391182933e-05
A_L,L then R,83000,0.3220821458692961,0.3351186106654995,0.47,0.5033333333333333,2.3822931492199144,0.0006663742474564997,0.34552414597843134,0.30000000000000093,0.9623188405797102,2.0108009196591454e-05
A_L,L then R,84000,0.29876417388770693,0.34981520718134146,0.46,0.49333333333333335,2.3730503499251956,0.0006714916618938886,0.3455200093305652,0.30000000000000043,0.9674470457079153,2.0796012452404497e-05
A_L,L then R,85000,0.3142324999525014,0.33856830844955477,0.48,0.49333333333333335,2.3649757249322305,0.000676869136980493,0.34551582878146125,0.29999999999999977,0.9661092530657748,2.04300103789504e-05
A_L,L then R,86000,0.29621464132409,0.3443470613619233,0.45,0.49,2.389268429205225,0.0006821397727237074,0.3455117823958677,0.30000000000000043,0.966778149386845,2.0742709644424206e-05
A_L,L then R,87000,0.3056353962319914,0.33564281321927525,0.45666666666666667,0.48333333333333334,2.404054040678532,0.0006869251101669368,0.3455078183007219,0.30000000000000016,0.9616499442586399,1.9330536365063268e-05
A_L,L then R,88000,0.3075500392954653,0.3426586300440682,0.4633333333333333,0.5,2.377658869027116,0.0006921101340118644,0.34550358637596684,0.30000000000000093,0.9629877369007804,2.0848125575775765e-05
A_L,L then R,89000,0.29651869831485894,0.3408043377327319,0.43666666666666665,0.48333333333333334,2.349008080844609,0.0006969724844105326,0.34549957490914757,0.3000000000000002,0.9625418060200669,1.9818572682306778e-05
A_L,L then R,90000,0.28477402486571,0.35389935151275514,0.4066666666666667,0.4533333333333333,2.3697400146864593,0.0007017321005780155,0.3454954659797004,0.2999999999999998,0.9625418060200669,1.9653644323180103e-05
A_L,L then R,91000,0.30005028982255805,0.33266589774057753,0.44333333333333336,0.47,2.3368101812120634,0.0007070155167237497,0.3454912926422782,0.2999999999999997,0.9670011148272017,2.005771724819016e-05
A_L,L then R,92000,0.308551436025164,0.3537162267862672,0.47,0.5066666666666667,2.3500403320466807,0.0007119078643171817,0.34548716282410025,0.3,0.9645484949832775,1.9777798233091775e-05
A_L,L then R,93000,0.30905562779860285,0.36476030269540727,0.47333333333333333,0.5033333333333333,2.369012349711252,0.0007164494206112685,0.3454832909617687,0.2999999999999996,0.9632107023411371,1.8979903090170888e-05
A_L,L then R,94000,0.2990329570699501,0.3641269770137763,0.45666666666666667,0.47333333333333333,2.261171289284291,0.0007215549923480422,0.3454790526514091,0.3000000000000003,0.9612040133779264,2.0371207101122457e-05
A_L,L then R,95000,0.3109189329495181,0.34802821094733083,0.4666666666666667,0.5033333333333333,2.371511603460788,0.0007267586288991638,0.3454747183062711,0.29999999999999977,0.9623188405797102,2.121612742082641e-05
A_L,L then R,96000,0.2977512161580514,0.3393212834987669,0.44666666666666666,0.4766666666666667,2.3660746030431468,0.0007319345103182656,0.3454704300668397,0.29999999999999993,0.967670011148272,2.040654650926837e-05
A_L,L then R,97000,0.31306992342043233,0.34595119747688957,0.4766666666666667,0.5033333333333333,2.3461890491047943,0.0007371124058017753,0.345466245256431,0.3000000000000002,0.9663322185061316,2.111829135211687e-05
A_L,L then R,98000,0.3126904750583531,0.3425935631952307,0.46,0.5,2.3387746481928,0.0007421550411467915,0.3454619883418927,0.3000000000000002,0.9665551839464883,2.056894085364319e-05
A_L,L then R,99000,0.2921152704914109,0.3642421770785303,0.43666666666666665,0.47333333333333333,2.3595033296102135,0.0007471822704269459,0.3454580047972824,0.30000000000000043,0.9645484949832775,1.9940488015317063e-05
A_L,L then R,100000,0.301257926882573,0.33683140204124845,0.45,0.49,2.3644045818367294,0.000752289510792665,0.34545416966155973,0.3000000000000004,0.9634336677814939,1.9604109545669116e-05
A_L,L then R,101000,0.2898235104855039,0.3551118482369299,0.44666666666666666,0.47,2.3361150838432843,0.0007573024827947952,0.3454505122273727,0.2999999999999995,0.9609810479375697,1.919037588058716e-05
A_L,L then R,102000,0.32216245316812914,0.320771127404499,0.49,0.54,2.5026932164947686,0.0007624595843290533,0.34544653829217176,0.2999999999999985,0.9663322185061316,2.0134483791554802e-05
A_L,L then R,103000,0.3147357835694894,0.31865575054104683,0.4666666666666667,0.49666666666666665,2.3925188331353153,0.0007678999636234825,0.345442316359966,0.3000000000000007,0.9652173913043478,2.123154571201042e-05
A_L,L then R,104000,0.31859786559221603,0.3616143773038951,0.45666666666666667,0.5166666666666667,2.3273991944987626,0.0007732840692132404,0.3454378583968221,0.3000000000000002,0.9712374581939799,2.2433463871462275e-05
A_L,L then R,105000,0.2947025298790628,0.3435592685750692,0.44666666666666666,0.4633333333333333,2.3364478210185937,0.0007785443217444198,0.34543363159177526,0.29999999999999866,0.966778149386845,2.0989054132611186e-05
A_L,L then R,106000,0.305889697559857,0.3376169120899646,0.4533333333333333,0.49666666666666665,2.4535371390645544,0.000783766747711761,0.3454296322982925,0.3000000000000006,0.9687848383500557,2.0039008060034976e-05
A_L,L then R,107000,0.32214786639227727,0.3349713085698365,0.48333333333333334,0.5233333333333333,2.479980532471068,0.0007885261155274463,0.34542580836035314,0.3000000000000006,0.960758082497213,1.9304778507858568e-05
A_L,L then R,108000,0.28880676328803057,0.3505317635717518,0.43,0.47333333333333333,2.341255589097247,0.0007937722727082281,0.34542155859091406,0.3000000000000001,0.9663322185061316,2.0725608823941053e-05
A_L,L then R,109000,0.31343396201609686,0.34915280378029573,0.4633333333333333,0.48333333333333334,2.434784090485748,0.0007987732892420809,0.3454172651358858,0.300000000000001,0.9636566332218506,2.110361932131154e-05
A_L,L then R,110000,0.3147673944090179,0.3534858538022323,0.48,0.5333333333333333,2.4109952027456787,0.0008038341595170858,0.3454132033274985,0.2999999999999998,0.9634336677814939,2.030067247147671e-05
A_L,L then R,111000,0.3144645911809417,0.3405817553375002,0.4666666666666667,0.49666666666666665,2.3770609008042407,0.0008086101229575598,0.34540940846233653,0.3000000000000001,0.9636566332218506,1.9385455434529633e-05
A_L,L then R,112000,0.32621702566887306,0.33948733665885733,0.5033333333333333,0.5366666666666666,2.4176871861943385,0.000814066119102728,0.3454048689055609,0.2999999999999997,0.9696767001114828,2.2268302235042787e-05
A_L,L then R,113000,0.2989765824387684,0.35659837222124013,0.46,0.5033333333333333,2.397389656461075,0.00081930700103916,0.34540056723296747,0.30000000000000066,0.9663322185061316,2.1440863429962522e-05
A_L,L then R,114000,0.2877961815554524,0.34755299102321024,0.43,0.4666666666666667,2.3729665207765,0.0008245680233033547,0.34539640919559983,0.2999999999999998,0.9649944258639911,2.1559493366585187e-05
A_L,L then R,115000,0.2801605215601352,0.34970888181407994,0.4066666666666667,0.45666666666666667,2.3609044396236225,0.0008295020381192724,0.34539234176889383,0.3000000000000002,0.9627647714604236,1.9937042724565197e-05
A_L,L then R,116000,0.29233718394427816,0.35386282028405136,0.43333333333333335,0.47,2.3449388073337785,0.0008346336958280702,0.34538834923762424,0.2999999999999989,0.9643255295429208,1.98986035695678e-05
A_L,L then R,117000,0.30875583643433163,0.3483305866544854,0.4766666666666667,0.52,2.331551802785982,0.0008399521982239489,0.34538402784202943,0.2999999999999997,0.967670011148272,2.119737134160857e-05
A_L,L then R,118000,0.2882599281116003,0.3558722468322348,0.44333333333333336,0.46,2.2836212139495338,0.000844649666040193,0.34538021584106876,0.3000000000000009,0.958974358974359,1.8711191707515166e-05
A_L,L then R,119000,0.31755261981834604,0.3298223865155286,0.47333333333333333,0.5233333333333333,2.484344947069851,0.0008499673289336068,0.34537583349102724,0.29999999999999966,0.9627647714604236,2.1839635833023035e-05
A_L,L then R,120000,0.2955169056902467,0.33429615149535663,0.45666666666666667,0.49666666666666665,2.4134547258213943,0.0008549665726148482,0.3453718971450329,0.30000000000000054,0.9620958751393534,1.9871305680340605e-05
A_R,R then L,1000,0.3581472265051952,0.36541719562023517,0.4766666666666667,0.49333333333333335,2.1742976862723724,0.00040560466523924867,0.5588734012438897,0.4847398219516361,1.0,0.012217057550095986
A_R,R then L,2000,0.3685282023318487,0.36524843312363475,0.5033333333333333,0.5133333333333333,2.3310726749707578,0.0004028760460707962,0.5450948794505337,0.4727949498483233,1.0,0.011945039088764695
A_R,R then L,3000,0.3757873853370955,0.3496348978664928,0.5233333333333333,0.5333333333333333,2.3153650660051097,0.00040012055731302837,0.5316567640056072,0.4611453698851867,0.9997770345596433,0.011649737189459903
A_R,R then L,4000,0.35088897071964864,0.3509333660685429,0.47333333333333333,0.48,2.2888192557105347,0.00039746562609067237,0.5185498355831099,0.44978261333202907,1.0,0.01136290901807775
A_R,R then L,5000,0.35400114143562134,0.3691164357869846,0.4866666666666667,0.5033333333333333,2.372692343511494,0.00039476115847108324,0.5057656280986567,0.43869939260025387,1.0,0.011083349852009877
A_R,R then L,6000,0.3625410628167247,0.36128992390784487,0.49333333333333335,0.5133333333333333,2.2589928884793267,0.00039206019931632523,0.49329665113043114,0.4278893675425361,1.0,0.01081016917562903
A_R,R then L,7000,0.3468167560288583,0.3877102570139748,0.48,0.49,2.2567592906617038,0.0003892681837640221,0.4811359124973067,0.41734676444860525,1.0,0.01054274204087852
A_R,R then L,8000,0.33561461949339066,0.36492422305331623,0.47333333333333333,0.49333333333333335,2.274605859300203,0.0003864673518330442,0.46927489148368,0.40706370948432535,1.0,0.010283180093507937
A_R,R then L,9000,0.3301280254436765,0.34396055057999586,0.4666666666666667,0.5,2.3588348159934585,0.00038358914615195733,0.4577063586529934,0.3970339108548326,1.0,0.010029905289660895
A_R,R then L,10000,0.3269012099590354,0.3562898481236951,0.4633333333333333,0.5033333333333333,2.3867643992485412,0.0003808894526595737,0.44642377092936203,0.38725223672291725,1.0,0.009781782703173396
A_R,R then L,11000,0.3246375392563611,0.33612100750048934,0.4666666666666667,0.5,2.338685167801899,0.0003782592978529099,0.4354196313980205,0.3777116762954062,1.0,0.009540640102198123
A_R,R then L,12000,0.33987066777441544,0.3471515171505802,0.48,0.5066666666666667,2.35700784920922,0.00037477764131038107,0.42468464404964185,0.3684040242616341,1.0,0.009307725628076826
A_R,R then L,13000,0.33621580270774215,0.3573262354376014,0.48,0.5033333333333333,2.299143615456542,0.00037106045419873406,0.41421425136836126,0.3593257662162783,1.0,0.009078325799460062
A_R,R then L,14000,0.32904942459917425,0.3449408928481039,0.47,0.4866666666666667,2.3721241898163767,0.00036830308716529533,0.4040041856035876,0.3504733689468312,1.0,0.008852473617684884
A_R,R then L,15000,0.32207665341871317,0.3503313969627849,0.4766666666666667,0.49,2.4130460774473037,0.00036473486650923705,0.39404367338835855,0.341836843802296,0.9997770345596433,0.008636592142435362
A_R,R then L,16000,0.33986152151034343,0.3451616347142604,0.49333333333333335,0.5266666666666666,2.455555746075027,0.0003615109816111701,0.38432992759578455,0.3334145872193755,1.0,0.008422309274791576
A_R,R then L,17000,0.32735073825259886,0.33729666965285143,0.4766666666666667,0.51,2.336117455956108,0.0003582563706224134,0.37485557219785326,0.32519954603125084,1.0,0.008215085766153995
A_R,R then L,18000,0.29531602415591657,0.3504279998908988,0.45,0.4766666666666667,2.3172442341192903,0.0003545327546861137,0.365613701391537,0.3171859050912356,1.0,0.008013694360435352
A_R,R then L,19000,0.31067787033304456,0.35998356036403645,0.46,0.48333333333333334,2.2890899902610564,0.0003511244360000591,0.35660036242186455,0.30937059429385594,0.9997770345596433,0.007815365143128045
A_R,R then L,20000,0.33016748304256405,0.34533242786708523,0.48,0.5233333333333333,2.4089666706470525,0.00034809844664272,0.34781011569480413,0.3017487530193876,1.0,0.007621891753002483
A_R,R then L,21000,0.2928789997925486,0.34453815914454583,0.46,0.48,2.331677170863333,0.00035099614741132654,0.3457902096750756,0.2999999999999997,0.9993311036789297,0.0017490522580726558
A_R,R then L,22000,0.2911957011862484,0.3560321842180471,0.4266666666666667,0.47333333333333333,2.412249907808665,0.0003557122681438612,0.34578627051963934,0.2999999999999997,0.959866220735786,1.8885269114106016e-05
A_R,R then L,23000,0.29103888182402915,0.33979289632077364,0.44,0.49333333333333335,2.33475459146738,0.0003611428276206954,0.3457819432569444,0.299999999999999,0.9623188405797102,2.0207812246896283e-05
A_R,R then L,24000,0.31441198772458406,0.3587013103466926,0.48,0.51,2.2966460310907983,0.00036642576528713453,0.3457775491842976,0.300000000000001,0.9683389074693423,2.060495269608383e-05
A_R,R then L,25000,0.309077650600658,0.3387543354425593,0.47333333333333333,0.49666666666666665,2.4087689185977688,0.00037175497799194174,0.345773034755024,0.2999999999999999,0.9656633221850613,2.157712632401782e-05
A_R,R then L,26000,0.3131699753978226,0.3220118303270225,0.4666666666666667,0.51,2.452045253179206,0.0003773059094905416,0.34576850148303795,0.29999999999999943,0.9681159420289855,2.1654388473624393e-05
A_R,R then L,27000,0.28134151716001876,0.34412167811622,0.43333333333333335,0.4533333333333333,2.3560013787804093,0.00038219382607486386,0.3457645026890535,0.3000000000000001,0.9623188405797102,1.9461246814711995e-05
A_R,R then L,28000,0.30600322730672397,0.3609388769927069,0.45,0.49,2.3412263965720204,0.000387287041947121,0.3457602952001262,0.2999999999999992,0.9658862876254181,2.0205709081474242e-05
A_R,R then L,29000,0.3044136462800958,0.3355252112471901,0.46,0.4866666666666667,2.392298524731265,0.0003925512064468175,0.34575602380721077,0.3,0.9661092530657748,2.0435840735015918e-05
A_R,R then L,30000,0.3078729486794332,0.3492884328218809,0.45666666666666667,0.5,2.3628301364580104,0.0003976195757581332,0.34575174239371465,0.299999999999999,0.9661092530657748,2.0419096162216972e-05
A_R,R then L,31000,0.28593631307223194,0.34948593502613273,0.42333333333333334,0.4666666666666667,2.3903729312770103,0.0004023129864397947,0.34574757800149697,0.2999999999999995,0.9623188405797102,1.9924136902130343e-05
A_R,R then L,32000,0.2859875883318958,0.35227811427981276,0.4166666666666667,0.45666666666666667,2.3359906149864855,0.00040737873482803665,0.34574338111900405,0.29999999999999966,0.9634336677814939,1.9739549375617604e-05
A_R,R then L,33000,0.30349064236402595,0.3554748038618822,0.4633333333333333,0.49333333333333335,2.344766514509392,0.0004122220993296123,0.34573928916687696,0.3000000000000009,0.9623188405797102,2.014241758913947e-05
A_R,R then L,34000,0.3108676817516817,0.3731712213207981,0.4666666666666667,0.49333333333333335,2.3426147746993267,0.000417731317950268,0.3457345788164632,0.2999999999999998,0.9703455964325529,2.297094014064713e-05
A_R,R then L,35000,0.3168504307522738,0.33222531662948246,0.4633333333333333,0.52,2.458583352878981,0.0004231915135178368,0.345730331727135,0.300000000000001,0.9643255295429208,2.086370035393765e-05
A_R,R then L,36000,0.2811531921292526,0.3763668347592869,0.41333333333333333,0.44,2.2756001950920868,0.0004284335834291345,0.34572606918048765,0.2999999999999992,0.9698996655518395,2.1259976661767872e-05
A_R,R then L,37000,0.3100522468461699,0.3298498101432049,0.46,0.49,2.38722582957616,0.0004339854169956398,0.3457215317940213,0.2999999999999998,0.9694537346711259,2.1390535650462713e-05
A_R,R then L,38000,0.3109225240300935,0.3315262530990618,0.46,0.5033333333333333,2.4337797901698033,0.000439124209195712,0.34571722893414547,0.2999999999999996,0.9681159420289855,2.122389585276845e-05
A_R,R then L,39000,0.30224923339374443,0.33260276078307444,0.45666666666666667,0.49666666666666665,2.408757884322267,0.00044385396386092187,0.34571350096798226,0.29999999999999966,0.960758082497213,1.868880761879722e-05
A_R,R then L,40000,0.2978919844420404,0.35545789843924147,0.44333333333333336,0.49333333333333335,2.315766273186441,0.0004487647800401167,0.3457094880138467,0.3000000000000001,0.9625418060200669,1.9433853292449504e-05
A_R,R then L,41000,0.322235559934509,0.346421283231662,0.49,0.52,2.401388506223796,0.0004540107248930659,0.34570486957512025,0.29999999999999905,0.9698996655518395,2.1495522276467103e-05
A_R,R then L,42000,0.32137863714463166,0.3306319184347848,0.4633333333333333,0.5133333333333333,2.440177979620975,0.0004590245914671269,0.3457008016822452,0.2999999999999996,0.960758082497213,1.9904368618344122e-05
A_R,R then L,43000,0.2761969862795418,0.35754926011519056,0.43333333333333335,0.46,2.3027946015868177,0.00046394597545228996,0.34569674511869175,0.30000000000000016,0.9641025641025641,1.974428643456439e-05
A_R,R then L,44000,0.2905092314476124,0.35841724929292335,0.44333333333333336,0.49666666666666665,2.3386610524148086,0.00046883608711502253,0.3456926260220296,0.30000000000000027,0.9661092530657748,2.002562411483862e-05
A_R,R then L,45000,0.30356162980328094,0.34298227662253555,0.45666666666666667,0.49,2.3169831420809,0.00047404812543487703,0.34568832830386537,0.2999999999999999,0.9652173913043478,2.0705906017273998e-05
A_R,R then L,46000,0.3063397312967723,0.3355913448638562,0.4633333333333333,0.51,2.393974146649671,0.00047944819244054673,0.34568381745954135,0.30000000000000043,0.9696767001114828,2.1148636462703932e-05
A_R,R then L,47000,0.3200118319756238,0.3243611787694652,0.47,0.5133333333333333,2.459607772218396,0.00048446528435118794,0.34567946650909726,0.3000000000000006,0.9654403567447045,2.0235009052267584e-05
A_R,R then L,48000,0.30558994509615756,0.3457126359326503,0.44333333333333336,0.49666666666666665,2.389478925008267,0.0004896075248924566,0.34567542680138985,0.299999999999999,0.9614269788182832,1.9984044572812116e-05
A_R,R then L,49000,0.28635103253039423,0.34733126580631546,0.43666666666666665,0.48333333333333334,2.3490619153117955,0.000494421727367496,0.34567126804782844,0.3000000000000003,0.9636566332218506,1.9870459190861704e-05
A_R,R then L,50000,0.3034784252742405,0.3415438324286027,0.43666666666666665,0.4866666666666667,2.426728500489847,0.0004992807767210338,0.34566729859889406,0.300000000000001,0.9585284280936455,1.9712036910808886e-05
A_R,R then L,51000,0.30605858906138733,0.3351329765776714,0.46,0.49,2.431946993476679,0.0005041875250595176,0.34566304354833993,0.29999999999999977,0.9636566332218506,1.9636975387074057e-05
A_R,R then L,52000,0.2997222755762886,0.36573992251964094,0.4533333333333333,0.47333333333333333,2.2589973667248495,0.0005093610885203146,0.3456585573176816,0.30000000000000104,0.9641025641025641,2.109708580580337e-05
A_R,R then L,53000,0.27811812662623436,0.3458932561063901,0.41333333333333333,0.4633333333333333,2.3492216315178633,0.0005146714518627249,0.34565425394809385,0.3000000000000008,0.9641025641025641,2.058785833958416e-05
A_R,R then L,54000,0.28690245898732053,0.3409175160290502,0.4266666666666667,0.4633333333333333,2.3844899685386274,0.0005199285083728493,0.3456499379624971,0.29999999999999993,0.9654403567447045,2.0733953282893395e-05
A_R,R then L,55000,0.29448021366796817,0.3457949440262193,0.4266666666666667,0.47,2.346204879970481,0.0005248484351965685,0.3456459698930734,0.30000000000000004,0.9605351170568562,1.9445697213380865e-05
A_R,R then L,56000,0.28855799063605564,0.3361378010171407,0.43333333333333335,0.48,2.3957242038227746,0.0005296964207175012,0.34564203404668714,0.2999999999999999,0.9587513935340022,1.909164729073321e-05
A_R,R then L,57000,0.2801742760645945,0.3617149117339772,0.4266666666666667,0.45666666666666667,2.33235953424623,0.0005342890261929371,0.34563812502300373,0.29999999999999993,0.9594202898550724,1.8826794490008886e-05
A_R,R then L,58000,0.2791284220807927,0.33878027764629715,0.41333333333333333,0.44666666666666666,2.286344457214944,0.0005394162885547921,0.3456338303151362,0.3000000000000001,0.9647714604236344,2.0556591987397516e-05
A_R,R then L,59000,0.2996125189000122,0.35912593331086246,0.4533333333333333,0.49666666666666665,2.333504423103862,0.0005439034790651969,0.3456297932612444,0.2999999999999996,0.9649944258639911,1.9719042986624343e-05
A_R,R then L,60000,0.28792169175950494,0.3526530597558873,0.4166666666666667,0.4533333333333333,2.2816300923509276,0.0005488135134125871,0.3456257563067693,0.3000000000000005,0.9625418060200669,1.9574131472010463e-05
A_R,R then L,61000,0.30227313567173864,0.3405038075047126,0.4533333333333333,0.49,2.366806790958292,0.0005536335394384803,0.34562159999454406,0.30000000000000043,0.9625418060200669,1.9414684201384094e-05
A_R,R then L,62000,0.3038629589765312,0.3309801641153493,0.46,0.49666666666666665,2.3541007270419927,0.0005588392342330042,0.3456174402800104,0.2999999999999998,0.959866220735786,2.00541020699597e-05
A_R,R then L,63000,0.3265581904999927,0.3576954512075042,0.4666666666666667,0.5133333333333333,2.404425326561239,0.0005639429258444204,0.3456129718321976,0.3000000000000002,0.9647714604236344,2.1461204333017296e-05
A_R,R then L,64000,0.30156538605138156,0.34794701221094926,0.45666666666666667,0.48333333333333334,2.335597924783207,0.0005696007984308188,0.3456082021992637,0.2999999999999999,0.9678929765886287,2.2759556333430465e-05
A_R,R then L,65000,0.2984203562673548,0.32951070181089087,0.45666666666666667,0.5,2.353088019676397,0.0005749831755753273,0.34560395427927204,0.3000000000000003,0.9634336677814939,2.0981470281432176e-05
A_R,R then L,66000,0.3123403172282231,0.3504415579588625,0.47,0.49666666666666665,2.421168158528254,0.0005799762608966054,0.34559997035946843,0.29999999999999943,0.9638795986622074,1.98754265448979e-05
A_R,R then L,67000,0.3003981445836474,0.36310335474823696,0.45,0.47333333333333333,2.304587158094412,0.0005853205106849645,0.3455954170547716,0.29999999999999927,0.9663322185061316,2.2222123408974224e-05
A_R,R then L,68000,0.2927082034532624,0.35122885610861165,0.44333333333333336,0.49,2.3934247093936882,0.0005904162273338529,0.345591165796379,0.2999999999999993,0.9609810479375697,2.0622342084309088e-05
A_R,R then L,69000,0.3016353574132799,0.3473932738893339,0.4633333333333333,0.49333333333333335,2.343766756671542,0.0005954104247273491,0.3455871016869446,0.3000000000000003,0.9670011148272017,1.998078570802286e-05
A_R,R then L,70000,0.3067698913340319,0.34759941436026953,0.46,0.5,2.341020434699163,0.0006002999155044925,0.34558301079485604,0.3000000000000005,0.9618729096989966,1.9480460906028858e-05
A_R,R then L,71000,0.3083978140952253,0.3634885871093598,0.44666666666666666,0.49,2.339035706160721,0.0006055109667838707,0.3455784255967924,0.3000000000000002,0.9670011148272017,2.2133326580284144e-05
A_R,R then L,72000,0.2992625500639222,0.3483882823323477,0.45,0.49,2.3635006776298146,0.0006108435214639883,0.34557378030115227,0.2999999999999999,0.9698996655518395,2.2186693785074245e-05
A_R,R then L,73000,0.3010201931851604,0.34717928750529514,0.44666666666666666,0.49666666666666665,2.4027465276367117,0.0006159350749257398,0.3455694687486112,0.30000000000000054,0.9629877369007804,2.003664967438773e-05
A_R,R then L,74000,0.3096759957581629,0.32634190730035434,0.4633333333333333,0.4866666666666667,2.4006652483566473,0.0006206082139840696,0.3455655798618916,0.3000000000000007,0.9614269788182832,1.8740156615695564e-05
A_R,R then L,75000,0.30457578075623803,0.3466853636371752,0.4666666666666667,0.5,2.340234799085928,0.0006256272768563707,0.3455614262791784,0.29999999999999954,0.9647714604236344,2.0817505600673247e-05
A_R,R then L,76000,0.30030234523117405,0.37289346043365107,0.4633333333333333,0.48,2.3654201603181204,0.0006302243178463939,0.3455575495851515,0.29999999999999927,0.9632107023411371,1.9664483740894814e-05
A_R,R then L,77000,0.2890074233251358,0.3611453188411959,0.43,0.46,2.3695858617461845,0.0006351110611876928,0.3455535281525251,0.2999999999999999,0.9620958751393534,1.948366473812964e-05
A_R,R then L,78000,0.3103665398896578,0.3377073085895743,0.49,0.51,2.3998339729288016,0.000639781322124706,0.34554962967040054,0.30000000000000004,0.960758082497213,1.9089761307750886e-05
A_R,R then L,79000,0.3029665415161575,0.35559591512218897,0.44,0.46,2.3398925519224765,0.0006451040087082434,0.345545037307216,0.3000000000000002,0.9698996655518395,2.2739540557520106e-05
A_R,R then L,80000,0.3175013691786065,0.34862768714107406,0.48,0.5166666666666667,2.3859586406227606,0.0006503580567727477,0.34554050799255487,0.29999999999999993,0.968561872909699,2.2144169198060775e-05
A_R,R then L,81000,0.2895241390290285,0.3605743867876,0.43666666666666665,0.4666666666666667,2.3627989999681644,0.0006552010912893156,0.3455365728865892,0.3000000000000005,0.9638795986622074,1.9588180392672855e-05
A_R,R then L,82000,0.31139802697693514,0.3341909049062254,0.46,0.49666666666666665,2.394463530127679,0.000660457815967465,0.3455323556115184,0.3000000000000001,0.9620958751393534,2.0337907181401392e-05
A_R,R then L,83000,0.28743834337772634,0.35495675049961506,0.4166666666666667,0.44333333333333336,2.3296037854321257,0.0006651204788513836,0.34552850767806403,0.2999999999999999,0.9578595317725752,1.9067180018560675e-05
A_R,R then L,84000,0.30171150802598073,0.34948516445669137,0.44666666666666666,0.5,2.431749490253266,0.0006701379974889548,0.34552431303526665,0.2999999999999997,0.9645484949832775,2.1085631498778287e-05
A_R,R then L,85000,0.3052951630524033,0.35051603826722927,0.44,0.49333333333333335,2.3858072831106285,0.0006750864146769949,0.34552034706320256,0.29999999999999977,0.9638795986622074,1.9706972344086213e-05
A_R,R then L,86000,0.29902097965186103,0.33447981766091023,0.45,0.48333333333333334,2.4033200897230915,0.0006802938386022331,0.3455164662382572,0.3000000000000003,0.9596432552954292,2.0324564596993226e-05
A_R,R then L,87000,0.2954301779939081,0.35580335337369584,0.45,0.4766666666666667,2.3199432580870454,0.0006852652787771057,0.34551237662649503,0.3000000000000001,0.9600891861761427,1.9681384218969263e-05
A_R,R then L,88000,0.28436538415992,0.36598548841500184,0.44333333333333336,0.4666666666666667,2.2426464205598005,0.0006902781663932801,0.3455084751926892,0.2999999999999999,0.9625418060200669,1.9774127835494347e-05
A_R,R then L,89000,0.2957371035863757,0.3303336503966751,0.43,0.4633333333333333,2.379794651614888,0.0006953497150183386,0.3455044594875418,0.30000000000000016,0.9629877369007804,1.9715546569704877e-05
A_R,R then L,90000,0.2989378955305953,0.33653501445782313,0.44666666666666666,0.4866666666666667,2.3691788125835966,0.0007003312474036034,0.3455002566060733,0.2999999999999999,0.9594202898550724,1.9985010343885185e-05
A_R,R then L,91000,0.3142585771591398,0.32929301996164784,0.45666666666666667,0.49666666666666665,2.417174771181419,0.0007053760785358388,0.3454962936878982,0.29999999999999943,0.9614269788182832,1.953422488274628e-05
A_R,R then L,92000,0.2904556071593196,0.3549513012938697,0.43,0.4766666666666667,2.336870640887037,0.0007103956517884575,0.3454923162632367,0.30000000000000043,0.9618729096989966,1.9879573467324948e-05
A_R,R then L,93000,0.2887832629996177,0.3578653076150691,0.44,0.4766666666666667,2.3590571326345504,0.0007151702976532834,0.34548869435471513,0.3000000000000005,0.9583054626532888,1.835306969024821e-05
A_R,R then L,94000,0.2978000517611438,0.3496565175515555,0.4266666666666667,0.4666666666666667,2.3891713079457455,0.0007208154438957027,0.34548411521972944,0.30000000000000054,0.9692307692307692,2.2366997610418345e-05
A_R,R then L,95000,0.3052050542137461,0.3594981647703238,0.45666666666666667,0.49666666666666665,2.3272050942889546,0.0007257602705272276,0.34548015700100915,0.3000000000000002,0.9629877369007804,1.9891969371108377e-05
A_R,R then L,96000,0.2921238784051219,0.35915550261029017,0.42333333333333334,0.47333333333333333,2.344515999267025,0.000730581309514319,0.34547581090714286,0.3,0.9692307692307692,2.0682224041528984e-05
A_R,R then L,97000,0.30613540474101464,0.37053619578003916,0.4533333333333333,0.49666666666666665,2.3387508559209556,0.00073597238271182,0.34547114923631855,0.3000000000000011,0.9732441471571907,2.3292967009348454e-05
A_R,R then L,98000,0.2825105041154749,0.3703315220977745,0.43333333333333335,0.48,2.302018784789245,0.0007415502317539785,0.34546702345042113,0.30000000000000077,0.9649944258639911,2.0860405095872987e-05
A_R,R then L,99000,0.31254279175205313,0.3432626610352409,0.4666666666666667,0.5033333333333333,2.366354541461795,0.000747361797036773,0.345462557053707,0.2999999999999999,0.9714604236343367,2.167012669531373e-05
A_R,R then L,100000,0.3136577379083984,0.3258816098330043,0.47333333333333333,0.5,2.489758534846669,0.000752365268218561,0.3454585669745615,0.29999999999999893,0.9625418060200669,1.963693743139081e-05
A_R,R then L,101000,0.29741414830799273,0.346599178235313,0.46,0.5,2.4150775344290385,0.0007569813586062667,0.345454918498794,0.2999999999999995,0.9578595317725752,1.8522014136906794e-05
A_R,R then L,102000,0.30408775747416816,0.3508683977245007,0.4633333333333333,0.49,2.3751699737483984,0.000762199113777342,0.34545077810280067,0.2999999999999997,0.9647714604236344,2.0605941589623945e-05
A_R,R then L,103000,0.3056629560229477,0.334638350552884,0.44,0.49,2.381163973322548,0.0007670832468810503,0.3454468249669474,0.3000000000000003,0.9623188405797102,2.036632318543993e-05
A_R,R then L,104000,0.32373080313972785,0.3190618319160274,0.4866666666666667,0.5166666666666667,2.4336581680624545,0.0007724442501358933,0.34544263722741353,0.2999999999999999,0.9647714604236344,2.1008597767366103e-05
A_R,R then L,105000,0.31442604657749235,0.3437332151126988,0.47333333333333333,0.51,2.388250721713252,0.000777888020765743,0.34543824308279036,0.2999999999999996,0.9692307692307692,2.1283007688848323e-05
A_R,R then L,106000,0.31493360623707267,0.3210681986675442,0.47333333333333333,0.4866666666666667,2.432664740830864,0.0007828103159948937,0.3454344509257673,0.3,0.9603121516164994,1.8932420960963917e-05
A_R,R then L,107000,0.3092666247001818,0.3408015848323648,0.48,0.5033333333333333,2.395904492594073,0.0007880829626601906,0.3454301098471642,0.30000000000000054,0.9663322185061316,2.1182851007946242e-05
A_R,R then L,108000,0.3138248942206053,0.3367795634904667,0.4766666666666667,0.51,2.362545593864174,0.0007934461706951146,0.34542588716818895,0.29999999999999993,0.9696767001114828,2.1478464464843373e-05
A_R,R then L,109000,0.31356803250345366,0.3362144605580175,0.4633333333333333,0.5,2.398264676912442,0.0007986861329340323,0.3454215294115634,0.2999999999999997,0.9647714604236344,2.150501113881289e-05
A_R,R then L,110000,0.295120578251166,0.3459828907147067,0.45,0.5066666666666667,2.3915662986761324,0.0008037228278968549,0.34541746847624555,0.2999999999999989,0.9614269788182832,2.023840102185108e-05
A_R,R then L,111000,0.31212594420127115,0.34324763081761855,0.48,0.5166666666666667,2.371345232607326,0.0008090174275894145,0.34541310367768885,0.2999999999999994,0.9690078037904125,2.165827918353364e-05
A_R,R then L,112000,0.30033750329481923,0.3604132915301048,0.45666666666666667,0.49666666666666665,2.2934769453038206,0.0008140454033463654,0.34540879424089305,0.2999999999999997,0.9661092530657748,2.1617611095592545e-05
A_R,R then L,113000,0.3111977529442998,0.34499493213689475,0.45666666666666667,0.49666666666666665,2.3500174134585596,0.0008191914159578908,0.34540458845984345,0.2999999999999989,0.9681159420289855,2.0771378070039967e-05
A_R,R then L,114000,0.3063252611295428,0.3339445492302875,0.45666666666666667,0.4866666666666667,2.409741224749962,0.0008243647513936047,0.34540030274284844,0.2999999999999998,0.9678929765886287,2.1336539072790876e-05
A_R,R then L,115000,0.29213006614791515,0.3491751751642232,0.4533333333333333,0.49,2.3421364600938057,0.0008289430591375047,0.3453966038097144,0.3000000000000006,0.9583054626532888,1.906824299986692e-05
A_R,R then L,116000,0.31162901788042724,0.345338588780705,0.46,0.49,2.428512835299932,0.0008336759474290609,0.34539279042155163,0.29999999999999927,0.9600891861761427,1.922711314577374e-05
A_R,R then L,117000,0.299241898586769,0.34227408028453016,0.44333333333333336,0.4866666666666667,2.401396399417829,0.0008389639577978842,0.3453885771434708,0.2999999999999999,0.967670011148272,2.1031403609607117e-05
A_R,R then L,118000,0.278517436964603,0.3647167404367229,0.39666666666666667,0.44,2.332606470566761,0.000843489144094221,0.34538495854032025,0.2999999999999992,0.9574136008918618,1.8442948069571204e-05
A_R,R then L,119000,0.3141438658030528,0.33859156161827914,0.4666666666666667,0.5133333333333333,2.4632954393140363,0.0008486852206078983,0.34538061115700214,0.3000000000000007,0.9665551839464883,2.1666234539785307e-05
A_R,R then L,120000,0.2970677279471326,0.3424711614958172,0.43333333333333335,0.47333333333333333,2.4076912801077217,0.0008537067581824775,0.34537674241810895,0.29999999999999927,0.9678929765886287,1.9644502839856152e-05
C,repeat A_L,1000,0.36034580696646823,0.3750885427811851,0.49333333333333335,0.5066666666666667,2.1868886645978702,0.00040284797142756676,0.5588705028716265,0.4847363637547304,1.0,0.012220191644748944
C,repeat A_L,2000,0.37724311523653997,0.38206042574787963,0.5066666666666667,0.5233333333333333,2.2602000724569864,0.00039998155584117717,0.5450914184481134,0.47279114021164165,1.0,0.011945404887150582
C,repeat A_L,3000,0.34115963867639093,0.3609590467835608,0.47,0.5066666666666667,2.3473566491661777,0.00039728059567890325,0.5316530760883107,0.461141015336326,1.0,0.011650274554488579
C,repeat A_L,4000,0.36732020276853067,0.355220811248607,0.5066666666666667,0.5166666666666667,2.3059241079125075,0.0003946160275094294,0.518546190412224,0.4497785148381501,1.0,0.011362649488223572
C,repeat A_L,5000,0.3546377446493363,0.36224755392922847,0.48333333333333334,0.49333333333333335,2.2792595707295464,0.0003919978236237737,0.5057629832841506,0.4386965051530603,1.0,0.011082155206855585
C,repeat A_L,6000,0.3575085109349858,0.34569251714002697,0.51,0.53,2.3789329195781352,0.00038923816336260136,0.4932946702917362,0.4278871240294213,1.0,0.010809527430774794
C,repeat A_L,7000,0.3554368769284169,0.33632712242906443,0.48,0.5066666666666667,2.4374871397343925,0.00038656315707945294,0.48113431988740174,0.4173450160467029,1.0,0.01054224316245558
C,repeat A_L,8000,0.3385579994909341,0.3714122555957482,0.48,0.5,2.247482983775169,0.00038311336687731014,0.4692713886250802,0.4070598814461607,1.0,0.010285231662309992
C,repeat A_L,9000,0.3529409607038064,0.3617298572329052,0.4866666666666667,0.5066666666666667,2.3064401828743724,0.0003802564929993057,0.45770316866200533,0.3970308233014997,1.0,0.010029189400515306
C,repeat A_L,10000,0.33565018438714217,0.376791940601949,0.47333333333333333,0.49666666666666665,2.2437910472851654,0.00037708305780362187,0.44641933238309917,0.387247728154238,0.9997770345596433,0.009783205126523227
C,repeat A_L,11000,0.3496769615399605,0.3513072264056713,0.5,0.5333333333333333,2.361795345470073,0.0003745667495850954,0.4354156668787723,0.377707963040927,1.0,0.009539870109334719
C,repeat A_L,12000,0.3295554216967204,0.35169568276115437,0.48333333333333334,0.5,2.361345368766423,0.00037177868949792286,0.4246831288782437,0.36840319830180224,1.0,0.009304866264652293
C,repeat A_L,13000,0.3341129776964273,0.35263848801756825,0.4766666666666667,0.49,2.3100414346796607,0.000368416245371221,0.41421265273955743,0.3593248089057345,0.9997770345596433,0.009078463290093639
C,repeat A_L,14000,0.3264189690397514,0.35142443727792677,0.45666666666666667,0.4866666666666667,2.3945076793057694,0.00036529180120552403,0.40400173032908926,0.35047169273826245,1.0,0.008853191198617492
C,repeat A_L,15000,0.34081857754156764,0.324588529475672,0.49666666666666665,0.52,2.42655933764808,0.00036203917833878014,0.39404225373918356,0.3418363566006537,1.0,0.008635453414032884
C,repeat A_L,16000,0.2983605780110919,0.3362606363254765,0.44333333333333336,0.47,2.4228214777871533,0.000359077727498197,0.38432873289401165,0.33341424046701656,1.0,0.008422180761397164
C,repeat A_L,17000,0.30998245612432174,0.3676782753763919,0.46,0.49,2.3068235520844595,0.0003556632125933076,0.37485304644069556,0.32519777300879305,1.0,0.00821652782216411
C,repeat A_L,18000,0.30018947113396366,0.36448246751409175,0.44333333333333336,0.48,2.3035518371153936,0.0003525853058644503,0.36561256535579234,0.31718562369191533,0.9995540691192865,0.00801220356141997
C,repeat A_L,19000,0.304602807057241,0.35270497637153836,0.43333333333333335,0.47333333333333333,2.429664847495326,0.00034920852286715284,0.35659920202822204,0.3093701158881749,1.0,0.007815549522508826
C,repeat A_L,20000,0.31096422289160436,0.35552102072929537,0.47333333333333333,0.49333333333333335,2.3289501997834505,0.00034606373923269326,0.3478081316294537,0.30174715184847906,1.0,0.007623004796700789
C,repeat A_L,21000,0.289477356215777,0.35622800292979834,0.4533333333333333,0.47,2.33289058456705,0.0003489570576063842,0.3457903105172442,0.3,0.9995540691192865,0.0017474471060898577
C,repeat A_L,22000,0.27689154763288637,0.34345325357592654,0.4,0.4633333333333333,2.359284483551975,0.0003541334308662712,0.3457858828551827,0.30000000000000027,0.9620958751393534,2.0287933869909057e-05
C,repeat A_L,23000,0.32035756662312054,0.3261499002080459,0.48333333333333334,0.5266666666666666,2.4439373002407345,0.000359428291592512,0.34578146387704317,0.3000000000000003,0.9645484949832775,2.0552516674535918e-05
C,repeat A_L,24000,0.30105036821468195,0.33942941736347687,0.46,0.49666666666666665,2.393026001544285,0.00036475560595341724,0.34577717542499553,0.2999999999999993,0.9643255295429208,2.083951802714764e-05
C,repeat A_L,25000,0.3129752046137806,0.3568960240179364,0.47,0.5,2.376091386339299,0.0003698443224061517,0.34577272804122733,0.2999999999999992,0.9638795986622074,2.114114360182653e-05
C,repeat A_L,26000,0.30828573167294737,0.3629265218107493,0.47,0.49,2.3698875279431033,0.00037500892567051455,0.34576817868045795,0.3,0.9694537346711259,2.1347834856866985e-05
C,repeat A_L,27000,0.306745048743289,0.3518985494095796,0.45,0.48,2.341932138425837,0.0003802677345535372,0.3457639838999132,0.29999999999999927,0.9625418060200669,2.015998166855e-05
C,repeat A_L,28000,0.30402285466228696,0.3694080530795322,0.46,0.4866666666666667,2.398380234230837,0.0003855242133631096,0.34575941321748244,0.30000000000000043,0.9683389074693423,2.230366005611268e-05
C,repeat A_L,29000,0.31818022463695667,0.32647580090655365,0.4666666666666667,0.49666666666666665,2.4405721781713883,0.0003909360574727025,0.3457546325314483,0.29999999999999927,0.9681159420289855,2.1806318534669027e-05
C,repeat A_L,30000,0.30350985915820605,0.3192956094048216,0.44,0.49333333333333335,2.4695217508658813,0.000395874935188323,0.3457505212110611,0.29999999999999927,0.9596432552954292,1.9464619225030957e-05
C,repeat A_L,31000,0.3082334858532109,0.3345502006359848,0.4533333333333333,0.5033333333333333,2.467990364804887,0.0004011471253595747,0.34574611087637963,0.2999999999999995,0.9636566332218506,2.087838224628092e-05
C,repeat A_L,32000,0.3156473622921566,0.3482662683864159,0.47333333333333333,0.5,2.3249642854050188,0.00040638855892400087,0.3457415127424374,0.2999999999999994,0.9672240802675586,2.2139063436501036e-05
C,repeat A_L,33000,0.3149916663603991,0.3566066409000219,0.47333333333333333,0.49333333333333335,2.3397792761768703,0.0004120608121565508,0.34573657482733655,0.3000000000000007,0.9698996655518395,2.3651157873441358e-05
C,repeat A_L,34000,0.2972488163479347,0.3302852581186064,0.44666666666666666,0.48,2.3373778106878396,0.00041776877139162885,0.3457318276911075,0.29999999999999877,0.9719063545150501,2.2676725028818274e-05
C,repeat A_L,35000,0.32428170764163927,0.31340220983589856,0.4866666666666667,0.52,2.4648142008179534,0.0004229757825600192,0.34572757042329333,0.3000000000000001,0.9643255295429208,2.0278701995833118e-05
C,repeat A_L,36000,0.2939392508900315,0.3515636130282432,0.45666666666666667,0.49,2.3539659285905437,0.00042792197679161086,0.34572345830044793,0.30000000000000043,0.9612040133779264,1.997313284712137e-05
C,repeat A_L,37000,0.30157044530920674,0.3409054175207375,0.43666666666666665,0.48,2.302364257812117,0.00043290971134525677,0.3457193177378517,0.30000000000000027,0.9636566332218506,1.9602837586712556e-05
C,repeat A_L,38000,0.3171777088918208,0.34951383063156016,0.47333333333333333,0.5166666666666667,2.406696667826014,0.0004376755945033048,0.34571519841869297,0.2999999999999992,0.9609810479375697,1.9664165446468808e-05
C,repeat A_L,39000,0.31202618804437954,0.32610664035342796,0.47,0.5133333333333333,2.4624977210995733,0.00044303131331535693,0.34571089218259754,0.30000000000000043,0.9641025641025641,2.0888436787622622e-05
C,repeat A_L,40000,0.3071582481352825,0.34544813503084554,0.45666666666666667,0.48333333333333334,2.385305852697112,0.00044785678597833857,0.34570665635704473,0.2999999999999999,0.9594202898550724,1.9800732099384204e-05
C,repeat A_L,41000,0.2937502955760639,0.3537109717280248,0.45,0.48333333333333334,2.32855997487942,0.00045296050917256313,0.34570236566384716,0.2999999999999998,0.9632107023411371,2.0756147720537255e-05
C,repeat A_L,42000,0.3104983904443649,0.3534261489887851,0.4766666666666667,0.5033333333333333,2.3413371714022313,0.0004580372112513197,0.34569791674645944,0.2999999999999999,0.9705685618729097,2.1281721087867377e-05
C,repeat A_L,43000,0.2958347421989799,0.3472396835048972,0.45666666666666667,0.49333333333333335,2.381303323443956,0.0004629705567539977,0.3456939941153741,0.2999999999999994,0.9596432552954292,1.9791643695621688e-05
C,repeat A_L,44000,0.27879420492246065,0.3650415037080464,0.43333333333333335,0.4633333333333333,2.304232233353545,0.0004677881611072565,0.34568979093842156,0.3000000000000005,0.9632107023411371,2.0254759789476427e-05
C,repeat A_L,45000,0.3000254340209466,0.3334517320803536,0.44,0.4666666666666667,2.3641849809932185,0.00047272125211806325,0.3456858814909943,0.3000000000000005,0.9587513935340022,1.88840200904928e-05
C,repeat A_L,46000,0.30860874696576496,0.33869032097316426,0.47,0.5133333333333333,2.4291927669522626,0.00047779254862037504,0.345681522475402,0.30000000000000016,0.9623188405797102,2.063038554955772e-05
C,repeat A_L,47000,0.3146344691077372,0.340926351871006,0.4766666666666667,0.51,2.4318502710942176,0.0004828716515703722,0.3456771504888128,0.3000000000000009,0.968561872909699,2.14219459428257e-05
C,repeat A_L,48000,0.3015776698655289,0.35819866891339736,0.43666666666666665,0.47,2.4091921765559743,0.0004877148479033757,0.3456732225243245,0.3000000000000007,0.9587513935340022,1.8965340527772635e-05
C,repeat A_L,49000,0.31355597370990024,0.3347592265513518,0.4766666666666667,0.5,2.3716451769335998,0.0004925635894748161,0.3456692403749163,0.29999999999999954,0.9620958751393534,1.9867840544386313e-05
C,repeat A_L,50000,0.2882557775171504,0.35546624491852885,0.44,0.4633333333333333,2.3322587427713253,0.0004976702050989569,0.3456648685679454,0.2999999999999999,0.9654403567447045,2.119820213363677e-05
C,repeat A_L,51000,0.31115852100782654,0.3534440469222603,0.47,0.49666666666666665,2.3757446441904144,0.0005029470994319403,0.34566021718513656,0.2999999999999996,0.9701226309921962,2.2133169985672195e-05
C,repeat A_L,52000,0.3099310209105917,0.35065231526062207,0.4766666666666667,0.5033333333333333,2.383888934443633,0.0005077545677280911,0.3456560001975144,0.3000000000000001,0.9623188405797102,1.9919165077457736e-05
C,repeat A_L,53000,0.2957540012575157,0.3409629816755395,0.43333333333333335,0.47333333333333333,2.3777763911758116,0.0005133494184054038,0.34565151241005926,0.2999999999999999,0.968561872909699,2.21633136156206e-05
C,repeat A_L,54000,0.2872129740740013,0.3628588689367371,0.43,0.47,2.3333092508777864,0.0005182664825332203,0.3456472059118896,0.3000000000000004,0.9652173913043478,2.064056305879167e-05
C,repeat A_L,55000,0.28179351094208455,0.3481139625450627,0.4266666666666667,0.44666666666666666,2.2897021564699966,0.0005230449004866341,0.3456432578577037,0.2999999999999996,0.9672240802675586,1.9047370431457954e-05
C,repeat A_L,56000,0.3085901252658429,0.34853042388333844,0.4633333333333333,0.49333333333333335,2.2858220403097094,0.0005283735829299726,0.34563910659598956,0.2999999999999998,0.9587513935340022,2.0475373068510745e-05
C,repeat A_L,57000,0.2928573215842542,0.35402176728699347,0.4633333333333333,0.5,2.342061297028299,0.0005336363238493856,0.34563459871915425,0.2999999999999997,0.9663322185061316,2.1587145379216293e-05
C,repeat A_L,58000,0.2730674569809653,0.3660131329154948,0.4033333333333333,0.44666666666666666,2.339041672768351,0.0005380425597752505,0.3456309931447313,0.29999999999999966,0.9587513935340022,1.8241107279119453e-05
C,repeat A_L,59000,0.30545057812508847,0.34533641331673676,0.4633333333333333,0.49666666666666665,2.3774341670264487,0.0005431389802113927,0.34562687152469646,0.3000000000000005,0.9634336677814939,2.0144700138888223e-05
C,repeat A_L,60000,0.30472944386012824,0.3477811298098956,0.45,0.48333333333333334,2.412615328082458,0.0005481197304686547,0.3456226084648362,0.30000000000000043,0.9623188405797102,2.0128052758071614e-05
C,repeat A_L,61000,0.2903204864939629,0.3519153510970053,0.43,0.4666666666666667,2.360604446488329,0.00055329948987378,0.34561819377371295,0.2999999999999997,0.9634336677814939,2.0989809583533034e-05
C,repeat A_L,62000,0.3109257763522269,0.33496933078902313,0.45,0.4766666666666667,2.3284925427410736,0.0005581133551511753,0.34561429656895065,0.30000000000000004,0.9616499442586399,1.906952599521936e-05
C,repeat A_L,63000,0.3208795625046952,0.35797151411958195,0.48,0.5033333333333333,2.4126706155788322,0.0005635496689331405,0.3456094855505907,0.2999999999999995,0.9721293199554069,2.338284215130679e-05
C,repeat A_L,64000,0.31496279314723186,0.33112371278258024,0.4666666666666667,0.5133333333333333,2.453461150648333,0.0005688523155824333,0.3456051361550362,0.2999999999999998,0.9672240802675586,2.122784133740221e-05
C,repeat A_L,65000,0.2945886882773452,0.3577886640358647,0.43333333333333335,0.4766666666666667,2.3570243234768222,0.000574042733986565,0.3456005779738721,0.3000000000000007,0.968561872909699,2.207968438874982e-05
C,repeat A_L,66000,0.30499724213129753,0.3486374967515479,0.48,0.51,2.3502682496987553,0.0005792313166587182,0.34559637643560676,0.2999999999999996,0.9636566332218506,2.0415716014058245e-05
C,repeat A_L,67000,0.30650723628900417,0.35908332937309584,0.4633333333333333,0.4866666666666667,2.2767974065495777,0.0005843492625935606,0.34559220910985095,0.29999999999999927,0.9641025641025641,1.9950966947621924e-05
C,repeat A_L,68000,0.31006895510367644,0.3426004878186918,0.46,0.51,2.411733494226629,0.0005895509977541506,0.3455878052576325,0.3000000000000002,0.9641025641025641,2.1347634403100288e-05
C,repeat A_L,69000,0.3156384845521029,0.3519232783285262,0.4666666666666667,0.4866666666666667,2.3824976015984856,0.0005953628340680863,0.3455831852243517,0.2999999999999997,0.9714604236343367,2.3269750915108076e-05
C,repeat A_L,70000,0.299522011398807,0.33519364213552416,0.4666666666666667,0.5,2.303622964442988,0.0006004504229563521,0.34557885285572765,0.2999999999999992,0.968561872909699,2.0641179127852953e-05
C,repeat A_L,71000,0.29421626618594365,0.34623707168105283,0.44,0.48,2.34511803139053,0.0006049161281908628,0.34557512005795304,0.29999999999999927,0.9609810479375697,1.8119705929596585e-05
C,repeat A_L,72000,0.2997917595021293,0.3488920884512324,0.44,0.47,2.3526587162779062,0.000609766247530354,0.34557114973047454,0.30000000000000115,0.9600891861761427,1.923139811359382e-05
C,repeat A_L,73000,0.3111186339624691,0.34156558401445203,0.46,0.49666666666666665,2.3724288185165086,0.0006145488706661218,0.34556714940549355,0.29999999999999855,0.9634336677814939,1.8943462476557018e-05
C,repeat A_L,74000,0.3131909993182559,0.358558743827198,0.45,0.49666666666666665,2.3342556665978527,0.0006198605168879875,0.34556279853943656,0.3000000000000002,0.9649944258639911,2.1718953624416403e-05
C,repeat A_L,75000,0.29543363234987774,0.34715623650156957,0.4633333333333333,0.4666666666666667,2.3639235215933407,0.0006251191850555116,0.3455585610741125,0.30000000000000016,0.9690078037904125,2.1012535796814178e-05
C,repeat A_L,76000,0.3168763790539831,0.352080646716455,0.5,0.5333333333333333,2.406564035698556,0.0006302023408081056,0.34555417201343597,0.3000000000000008,0.967670011148272,2.1444222663879512e-05
C,repeat A_L,77000,0.3179522340255001,0.33962195779795984,0.47,0.49333333333333335,2.3709412861752845,0.0006355127683385043,0.34554977306494306,0.30000000000000093,0.9672240802675586,2.236374028016854e-05
C,repeat A_L,78000,0.3253362362586118,0.33721646799711236,0.49666666666666665,0.5266666666666666,2.360171817399777,0.0006406924703135843,0.34554520782011694,0.2999999999999999,0.968561872909699,2.1699073535112898e-05
C,repeat A_L,79000,0.3070805314489555,0.3367597871130166,0.46,0.49333333333333335,2.4206008992134755,0.0006460019808902139,0.3455407921478928,0.2999999999999994,0.9661092530657748,2.156214234046305e-05
C,repeat A_L,80000,0.2848047154105162,0.3777614364440881,0.44666666666666666,0.4633333333333333,2.270063346609916,0.0006508501591509879,0.3455366772346144,0.29999999999999877,0.9632107023411371,2.0053754864786682e-05
C,repeat A_L,81000,0.2940802318822337,0.3502275946751288,0.43,0.46,2.355099933569109,0.0006562170663064659,0.345532517283088,0.3000000000000006,0.9656633221850613,2.074002063297839e-05
C,repeat A_L,82000,0.3015874451371431,0.33732567580617057,0.46,0.4866666666666667,2.3408053819730985,0.0006612964566607327,0.345528318763704,0.2999999999999999,0.9603121516164994,1.964228391182933e-05
C,repeat A_L,83000,0.3220821458692961,0.3351186106654995,0.47,0.5033333333333333,2.3822931492199144,0.0006663742474564997,0.34552414597843134,0.30000000000000093,0.9623188405797102,2.0108009196591454e-05
C,repeat A_L,84000,0.29876417388770693,0.34981520718134146,0.46,0.49333333333333335,2.3730503499251956,0.0006714916618938886,0.3455200093305652,0.30000000000000043,0.9674470457079153,2.0796012452404497e-05
C,repeat A_L,85000,0.3142324999525014,0.33856830844955477,0.48,0.49333333333333335,2.3649757249322305,0.000676869136980493,0.34551582878146125,0.29999999999999977,0.9661092530657748,2.04300103789504e-05
C,repeat A_L,86000,0.29621464132409,0.3443470613619233,0.45,0.49,2.389268429205225,0.0006821397727237074,0.3455117823958677,0.30000000000000043,0.966778149386845,2.0742709644424206e-05
C,repeat A_L,87000,0.3056353962319914,0.33564281321927525,0.45666666666666667,0.48333333333333334,2.404054040678532,0.0006869251101669368,0.3455078183007219,0.30000000000000016,0.9616499442586399,1.9330536365063268e-05
C,repeat A_L,88000,0.3075500392954653,0.3426586300440682,0.4633333333333333,0.5,2.377658869027116,0.0006921101340118644,0.34550358637596684,0.30000000000000093,0.9629877369007804,2.0848125575775765e-05
C,repeat A_L,89000,0.29651869831485894,0.3408043377327319,0.43666666666666665,0.48333333333333334,2.349008080844609,0.0006969724844105326,0.34549957490914757,0.3000000000000002,0.9625418060200669,1.9818572682306778e-05
C,repeat A_L,90000,0.28477402486571,0.35389935151275514,0.4066666666666667,0.4533333333333333,2.3697400146864593,0.0007017321005780155,0.3454954659797004,0.2999999999999998,0.9625418060200669,1.9653644323180103e-05
C,repeat A_L,91000,0.30005028982255805,0.33266589774057753,0.44333333333333336,0.47,2.3368101812120634,0.0007070155167237497,0.3454912926422782,0.2999999999999997,0.9670011148272017,2.005771724819016e-05
C,repeat A_L,92000,0.308551436025164,0.3537162267862672,0.47,0.5066666666666667,2.3500403320466807,0.0007119078643171817,0.34548716282410025,0.3,0.9645484949832775,1.9777798233091775e-05
C,repeat A_L,93000,0.30905562779860285,0.36476030269540727,0.47333333333333333,0.5033333333333333,2.369012349711252,0.0007164494206112685,0.3454832909617687,0.2999999999999996,0.9632107023411371,1.8979903090170888e-05
C,repeat A_L,94000,0.2990329570699501,0.3641269770137763,0.45666666666666667,0.47333333333333333,2.261171289284291,0.0007215549923480422,0.3454790526514091,0.3000000000000003,0.9612040133779264,2.0371207101122457e-05
C,repeat A_L,95000,0.3109189329495181,0.34802821094733083,0.4666666666666667,0.5033333333333333,2.371511603460788,0.0007267586288991638,0.3454747183062711,0.29999999999999977,0.9623188405797102,2.121612742082641e-05
C,repeat A_L,96000,0.2977512161580514,0.3393212834987669,0.44666666666666666,0.4766666666666667,2.3660746030431468,0.0007319345103182656,0.3454704300668397,0.29999999999999993,0.967670011148272,2.040654650926837e-05
C,repeat A_L,97000,0.31306992342043233,0.34595119747688957,0.4766666666666667,0.5033333333333333,2.3461890491047943,0.0007371124058017753,0.345466245256431,0.3000000000000002,0.9663322185061316,2.111829135211687e-05
C,repeat A_L,98000,0.3126904750583531,0.3425935631952307,0.46,0.5,2.3387746481928,0.0007421550411467915,0.3454619883418927,0.3000000000000002,0.9665551839464883,2.056894085364319e-05
C,repeat A_L,99000,0.2921152704914109,0.3642421770785303,0.43666666666666665,0.47333333333333333,2.3595033296102135,0.0007471822704269459,0.3454580047972824,0.30000000000000043,0.9645484949832775,1.9940488015317063e-05
C,repeat A_L,100000,0.301257926882573,0.33683140204124845,0.45,0.49,2.3644045818367294,0.000752289510792665,0.34545416966155973,0.3000000000000004,0.9634336677814939,1.9604109545669116e-05
C,repeat A_L,101000,0.2898235104855039,0.3551118482369299,0.44666666666666666,0.47,2.3361150838432843,0.0007573024827947952,0.3454505122273727,0.2999999999999995,0.9609810479375697,1.919037588058716e-05
C,repeat A_L,102000,0.32216245316812914,0.320771127404499,0.49,0.54,2.5026932164947686,0.0007624595843290533,0.34544653829217176,0.2999999999999985,0.9663322185061316,2.0134483791554802e-05
C,repeat A_L,103000,0.3147357835694894,0.31865575054104683,0.4666666666666667,0.49666666666666665,2.3925188331353153,0.0007678999636234825,0.345442316359966,0.3000000000000007,0.9652173913043478,2.123154571201042e-05
C,repeat A_L,104000,0.31859786559221603,0.3616143773038951,0.45666666666666667,0.5166666666666667,2.3273991944987626,0.0007732840692132404,0.3454378583968221,0.3000000000000002,0.9712374581939799,2.2433463871462275e-05
C,repeat A_L,105000,0.2947025298790628,0.3435592685750692,0.44666666666666666,0.4633333333333333,2.3364478210185937,0.0007785443217444198,0.34543363159177526,0.29999999999999866,0.966778149386845,2.0989054132611186e-05
C,repeat A_L,106000,0.305889697559857,0.3376169120899646,0.4533333333333333,0.49666666666666665,2.4535371390645544,0.000783766747711761,0.3454296322982925,0.3000000000000006,0.9687848383500557,2.0039008060034976e-05
C,repeat A_L,107000,0.32214786639227727,0.3349713085698365,0.48333333333333334,0.5233333333333333,2.479980532471068,0.0007885261155274463,0.34542580836035314,0.3000000000000006,0.960758082497213,1.9304778507858568e-05
C,repeat A_L,108000,0.28880676328803057,0.3505317635717518,0.43,0.47333333333333333,2.341255589097247,0.0007937722727082281,0.34542155859091406,0.3000000000000001,0.9663322185061316,2.0725608823941053e-05
C,repeat A_L,109000,0.31343396201609686,0.34915280378029573,0.4633333333333333,0.48333333333333334,2.434784090485748,0.0007987732892420809,0.3454172651358858,0.300000000000001,0.9636566332218506,2.110361932131154e-05
C,repeat A_L,110000,0.3147673944090179,0.3534858538022323,0.48,0.5333333333333333,2.4109952027456787,0.0008038341595170858,0.3454132033274985,0.2999999999999998,0.9634336677814939,2.030067247147671e-05
C,repeat A_L,111000,0.3144645911809417,0.3405817553375002,0.4666666666666667,0.49666666666666665,2.3770609008042407,0.0008086101229575598,0.34540940846233653,0.3000000000000001,0.9636566332218506,1.9385455434529633e-05
C,repeat A_L,112000,0.32621702566887306,0.33948733665885733,0.5033333333333333,0.5366666666666666,2.4176871861943385,0.000814066119102728,0.3454048689055609,0.2999999999999997,0.9696767001114828,2.2268302235042787e-05
C,repeat A_L,113000,0.2989765824387684,0.35659837222124013,0.46,0.5033333333333333,2.397389656461075,0.00081930700103916,0.34540056723296747,0.30000000000000066,0.9663322185061316,2.1440863429962522e-05
C,repeat A_L,114000,0.2877961815554524,0.34755299102321024,0.43,0.4666666666666667,2.3729665207765,0.0008245680233033547,0.34539640919559983,0.2999999999999998,0.9649944258639911,2.1559493366585187e-05
C,repeat A_L,115000,0.2801605215601352,0.34970888181407994,0.4066666666666667,0.45666666666666667,2.3609044396236225,0.0008295020381192724,0.34539234176889383,0.3000000000000002,0.9627647714604236,1.9937042724565197e-05
C,repeat A_L,116000,0.29233718394427816,0.35386282028405136,0.43333333333333335,0.47,2.3449388073337785,0.0008346336958280702,0.34538834923762424,0.2999999999999989,0.9643255295429208,1.98986035695678e-05
C,repeat A_L,117000,0.30875583643433163,0.3483305866544854,0.4766666666666667,0.52,2.331551802785982,0.0008399521982239489,0.34538402784202943,0.2999999999999997,0.967670011148272,2.119737134160857e-05
C,repeat A_L,118000,0.2882599281116003,0.3558722468322348,0.44333333333333336,0.46,2.2836212139495338,0.000844649666040193,0.34538021584106876,0.3000000000000009,0.958974358974359,1.8711191707515166e-05
C,repeat A_L,119000,0.31755261981834604,0.3298223865155286,0.47333333333333333,0.5233333333333333,2.484344947069851,0.0008499673289336068,0.34537583349102724,0.29999999999999966,0.9627647714604236,2.1839635833023035e-05
C,repeat A_L,120000,0.2955169056902467,0.33429615149535663,0.45666666666666667,0.49666666666666665,2.4134547258213943,0.0008549665726148482,0.3453718971450329,0.30000000000000054,0.9620958751393534,1.9871305680340605e-05
B,no stimulus,1000,0.36744714491096836,0.3604687677412961,0.4866666666666667,0.5066666666666667,2.309325633747681,0.0004061716940895494,0.558869030091843,0.4847353893990686,1.0,0.012221300393348573
B,no stimulus,2000,0.3655934925718598,0.3936297612475541,0.51,0.53,2.3144245828906786,0.0004033340641671662,0.5450903202421201,0.47279047655789996,0.9997770345596433,0.011945090561788796
B,no stimulus,3000,0.3790531755378953,0.35152157642121834,0.5233333333333333,0.5366666666666666,2.3661535633557516,0.00040111436900136613,0.5316534180004046,0.4611420806139684,1.0,0.01164856328977332
B,no stimulus,4000,0.35360569025907534,0.33167501832113916,0.48333333333333334,0.5066666666666667,2.366708486886923,0.0003991882512918149,0.518548741455766,0.44978170652275795,1.0,0.011360529311892232
B,no stimulus,5000,0.36714856900692394,0.37633811574803305,0.5,0.5166666666666667,2.3005802710947556,0.0003961122619442518,0.5057645273018542,0.43869866828018017,1.0,0.011083178185244364
B,no stimulus,6000,0.3523034812115149,0.3567948884296973,0.49666666666666665,0.5166666666666667,2.323359403144761,0.0003938848237281215,0.49329772877020317,0.4278906380489278,1.0,0.010808159470661615
B,no stimulus,7000,0.3504738856554385,0.3564729685788244,0.49333333333333335,0.52,2.3680554403954157,0.00039110702223237937,0.4811374366929286,0.41734832070618283,0.9997770345596433,0.010542439577927876
B,no stimulus,8000,0.3413230572711682,0.4020650371182961,0.48333333333333334,0.5133333333333333,2.270338621627148,0.000387680161861397,0.469275503333056,0.40706432083670296,1.0,0.010284125022468296
B,no stimulus,9000,0.34646541344026843,0.3601430944508566,0.49,0.5066666666666667,2.342925069848232,0.000384875721226042,0.4577075314606007,0.39703534001450524,0.9997770345596433,0.01002910470654156
B,no stimulus,10000,0.3426309599781506,0.35907670682876774,0.49,0.5133333333333333,2.349126767992784,0.0003815407534112153,0.4464234991202537,0.38725207574223147,1.0,0.009783364736883226
B,no stimulus,11000,0.3398489863416697,0.3721371586171375,0.48,0.5,2.3871760958175408,0.000378410485326149,0.4354178086540218,0.3777101542622376,1.0,0.009542028886407275
B,no stimulus,12000,0.34001757187020654,0.34857595551761666,0.48333333333333334,0.5133333333333333,2.275398993004652,0.0003754846226752501,0.4246840414707786,0.3684039968937122,1.0,0.009306240361395749
B,no stimulus,13000,0.33552735341412615,0.36415289394876726,0.4866666666666667,0.52,2.3432747434931764,0.00037235787943491126,0.41421495345845927,0.3593272300508156,1.0,0.009076857031188566
B,no stimulus,14000,0.32990736584769126,0.35173923638099064,0.4666666666666667,0.49666666666666665,2.372645723910941,0.0003689375463366424,0.40400321874918493,0.3504733025385087,0.9997770345596433,0.008853982426241318
B,no stimulus,15000,0.32741104775058383,0.35109092097850547,0.47,0.5033333333333333,2.4031883035958965,0.00036656335277798465,0.39404535066361507,0.34183928996566965,0.9997770345596433,0.008634080207270994
B,no stimulus,16000,0.30273332678406206,0.3440328970890253,0.44666666666666666,0.4866666666666667,2.366021019670533,0.0003628322342202002,0.3843305357392636,0.333415770982656,1.0,0.008423588422017242
B,no stimulus,17000,0.3348503449137157,0.28999008174980695,0.4866666666666667,0.5266666666666666,2.4894567522472566,0.0003602074733796378,0.3748572347199873,0.3252020488239014,1.0,0.008213781369499445
B,no stimulus,18000,0.31867060529186875,0.3497935267333887,0.47333333333333333,0.51,2.3923492589947033,0.00035697545625728677,0.36561631777393977,0.3171893093226577,1.0,0.008012784040867416
B,no stimulus,19000,0.3214619293200467,0.3387892989416661,0.4766666666666667,0.5066666666666667,2.3833616583361206,0.0003537743247730989,0.3566039430631721,0.3093749343107461,1.0,0.007814416409272657
B,no stimulus,20000,0.3057440325295249,0.328716417312859,0.44666666666666666,0.4766666666666667,2.3747403817077526,0.00035029151945058294,0.34781334220243754,0.3017526853213303,0.9997770345596433,0.00762229382465924
B,no stimulus,21000,0.3046177799530359,0.3496498843242761,0.4633333333333333,0.5066666666666667,2.354396829600394,0.0003535547777272363,0.3457889263473635,0.29999999999999927,1.0,0.0017529858805171487
B,no stimulus,22000,0.283373316481293,0.3483903812908582,0.43,0.45666666666666667,2.3111621380287737,0.0003585208327260309,0.34578464479137605,0.2999999999999999,0.9649944258639911,1.9827042373152803e-05
B,no stimulus,23000,0.31870839551139424,0.3157697591320074,0.47,0.5066666666666667,2.4383900272972894,0.00036405332221107063,0.34578006909612613,0.29999999999999927,0.9645484949832775,2.1522660989282038e-05
B,no stimulus,24000,0.31633871919226086,0.3500603418920015,0.4633333333333333,0.51,2.341290082129517,0.00036910829427948375,0.34577573806632217,0.30000000000000066,0.9634336677814939,2.013511329240865e-05
B,no stimulus,25000,0.3164498336358706,0.343622630692469,0.48333333333333334,0.5133333333333333,2.3384253422033283,0.0003747800989011366,0.3457711680669708,0.2999999999999992,0.9692307692307692,2.195968325965853e-05
B,no stimulus,26000,0.2796971017678512,0.36345261220014796,0.4066666666666667,0.44,2.3577700743106687,0.0003797972258566814,0.34576679122419607,0.30000000000000043,0.9641025641025641,2.0419400540589003e-05
B,no stimulus,27000,0.3063665954798384,0.3342677810518068,0.45666666666666667,0.51,2.36995939958295,0.0003847906380186447,0.34576262556233894,0.2999999999999993,0.9674470457079153,1.9639124049607527e-05
B,no stimulus,28000,0.3157362742619703,0.3679671721989025,0.48,0.5,2.3873084840185084,0.00038961972540886184,0.34575856770749985,0.3,0.9683389074693423,2.021136763847776e-05
B,no stimulus,29000,0.3092785963664315,0.35408214434229424,0.4633333333333333,0.49,2.341458878545897,0.00039486058253253574,0.3457545424507464,0.3000000000000001,0.9658862876254181,2.059481476973229e-05
B,no stimulus,30000,0.32623774377717213,0.3200353111436795,0.49666666666666665,0.52,2.4931283769548744,0.00040003316070584484,0.3457503739751486,0.3000000000000004,0.9672240802675586,2.008610331992099e-05
B,no stimulus,31000,0.2896161946816648,0.3507314285465652,0.43,0.4633333333333333,2.347311237605636,0.00040552906634154533,0.34574582928385855,0.30000000000000004,0.9687848383500557,2.218226887768961e-05
B,no stimulus,32000,0.2981207497385594,0.35615123549472477,0.44,0.48,2.347057070915795,0.0004106465054740782,0.34574157482505175,0.3000000000000005,0.9670011148272017,2.0326829805069294e-05
B,no stimulus,33000,0.2816149937032711,0.3520285011239371,0.4166666666666667,0.46,2.317618551324032,0.0004153484516382573,0.34573749024585104,0.2999999999999992,0.9616499442586399,1.931974442180778e-05
B,no stimulus,34000,0.3108562825313223,0.346246757900899,0.46,0.49,2.333479552854131,0.0004204904280604457,0.34573328237351764,0.29999999999999943,0.9654403567447045,2.036194943654768e-05
B,no stimulus,35000,0.29070707858050726,0.33983240905649986,0.43333333333333335,0.49,2.3504348363148924,0.00042590053352066786,0.3457287516520817,0.3000000000000006,0.9694537346711259,2.1802503213826493e-05
B,no stimulus,36000,0.31237137118557806,0.3397924243832642,0.4666666666666667,0.4866666666666667,2.3097370865696174,0.0004306696210652541,0.3457249175244916,0.2999999999999998,0.9558528428093646,1.8312816265198032e-05
B,no stimulus,37000,0.29831373986355636,0.352202803779028,0.4633333333333333,0.48,2.31511980165137,0.00043580606501818437,0.3457205020832307,0.2999999999999998,0.9643255295429208,2.0886058065590164e-05
B,no stimulus,38000,0.3134811129764234,0.33794351262415895,0.4666666666666667,0.51,2.3745126833644297,0.0004411248648606881,0.34571593971352543,0.2999999999999998,0.9656633221850613,2.17218634704008e-05
B,no stimulus,39000,0.28965899818990354,0.3626325824858369,0.4266666666666667,0.47333333333333333,2.3394833015998007,0.0004460739409203116,0.34571183320282406,0.2999999999999996,0.9652173913043478,1.9554998425929057e-05
B,no stimulus,40000,0.3071951103544581,0.32679063410533465,0.47,0.49333333333333335,2.402730244505127,0.00045193328628064417,0.3457070833548009,0.30000000000000043,0.9719063545150501,2.2750835696942993e-05
B,no stimulus,41000,0.3151273273201631,0.3564516821342418,0.47,0.5166666666666667,2.3754804356767534,0.00045707914191908157,0.3457027676429859,0.2999999999999998,0.9643255295429208,2.0905583398038765e-05
B,no stimulus,42000,0.30428303353490105,0.3472951239780854,0.44333333333333336,0.4766666666666667,2.381314706060823,0.00046215138135767374,0.3456984050338404,0.3000000000000006,0.9647714604236344,2.055118290102039e-05
B,no stimulus,43000,0.28645033018168437,0.33966366094218037,0.4166666666666667,0.4633333333333333,2.3858406372850607,0.000467221088327385,0.3456941414939407,0.29999999999999993,0.9627647714604236,2.058076818526679e-05
B,no stimulus,44000,0.3059326432471648,0.3397168879668314,0.45,0.4866666666666667,2.389496465299517,0.0004722808030499904,0.345689881484414,0.3000000000000001,0.9634336677814939,2.0222727763419746e-05
B,no stimulus,45000,0.31158211315047385,0.3446444078718284,0.48333333333333334,0.5166666666666667,2.391072131476851,0.0004777077925823868,0.34568534312930094,0.2999999999999997,0.968561872909699,2.1909005722642503e-05
B,no stimulus,46000,0.296042878296282,0.34597059819930415,0.45,0.49333333333333335,2.28748951094316,0.0004826760498174766,0.34568098932177777,0.2999999999999998,0.9638795986622074,2.0533634732674635e-05
B,no stimulus,47000,0.26996130612515157,0.3566062214162725,0.38666666666666666,0.43666666666666665,2.325157039332981,0.00048781411281635293,0.34567688529684776,0.3000000000000008,0.9656633221850613,2.0259909284912522e-05
B,no stimulus,48000,0.29449752046101757,0.3478916906122877,0.4533333333333333,0.48333333333333334,2.3784809723921216,0.0004926896173647432,0.34567266106272226,0.2999999999999997,0.9641025641025641,2.0329663893227625e-05
B,no stimulus,49000,0.3097405941710216,0.34629845795013914,0.47333333333333333,0.5066666666666667,2.3508606785086217,0.0004973069923938961,0.34566872995534514,0.3000000000000002,0.9571906354515051,1.89806868037979e-05
B,no stimulus,50000,0.3026200470892405,0.35537556815320565,0.45666666666666667,0.48,2.296606540513724,0.000502372013745508,0.3456646446150213,0.3000000000000011,0.9641025641025641,1.9894998965293237e-05
B,no stimulus,51000,0.29873216334704306,0.34340619608643097,0.45,0.5066666666666667,2.3657813269775936,0.0005076001200364956,0.3456605610918155,0.3000000000000007,0.9612040133779264,1.987838428035853e-05
B,no stimulus,52000,0.295972288591035,0.36279673578539257,0.4533333333333333,0.47,2.2477914176409395,0.0005127730348173437,0.3456563207213859,0.3000000000000006,0.9643255295429208,2.0289829571910947e-05
B,no stimulus,53000,0.3037764726387769,0.33700662947686444,0.4633333333333333,0.48333333333333334,2.295710648180884,0.0005183897385486312,0.34565189512323385,0.3,0.9661092530657748,2.0957439979885617e-05
B,no stimulus,54000,0.2942248780544194,0.3503562627362007,0.43666666666666665,0.47,2.33736314780637,0.0005233523231789421,0.345647769179937,0.29999999999999993,0.9634336677814939,1.979973719502131e-05
B,no stimulus,55000,0.288223698762484,0.37078695967182795,0.43666666666666665,0.4766666666666667,2.3268508387327977,0.0005280398231087698,0.34564394268322657,0.2999999999999998,0.9609810479375697,1.8947982162976504e-05
B,no stimulus,56000,0.28408982361631896,0.34655460693398865,0.4166666666666667,0.46,2.332046475125901,0.000533123981859993,0.34563987983371336,0.30000000000000016,0.9636566332218506,1.9631306283000744e-05
B,no stimulus,57000,0.32245519768395703,0.3216555462965267,0.49,0.5133333333333333,2.4166060772480895,0.0005383848521450744,0.34563550551240535,0.3000000000000006,0.9656633221850613,2.011839003440687e-05
B,no stimulus,58000,0.3090567070096263,0.35319631315708677,0.47333333333333333,0.51,2.3691355509083536,0.0005432427388572581,0.3456315505093545,0.3000000000000001,0.9634336677814939,1.9585728033703733e-05
B,no stimulus,59000,0.30907876676118623,0.34576432146415953,0.47333333333333333,0.5066666666666667,2.340877381885379,0.0005484397081431786,0.34562734937694684,0.30000000000000043,0.9647714604236344,2.073994660261669e-05
B,no stimulus,60000,0.3079180818676907,0.3506271401931044,0.46,0.51,2.430110325131718,0.0005529118032231182,0.34562358716843816,0.3,0.9558528428093646,1.8499991370520215e-05
B,no stimulus,61000,0.3206121787542349,0.34244351523172967,0.5,0.5166666666666667,2.4102628802237938,0.0005583834180800042,0.34561911690102637,0.29999999999999943,0.9692307692307692,2.2278679234330648e-05
B,no stimulus,62000,0.3074960664218228,0.34867325499954915,0.45,0.47,2.300078289678905,0.000563734932783865,0.3456148387422948,0.2999999999999997,0.9647714604236344,2.012277160006922e-05
B,no stimulus,63000,0.3190367169841025,0.37140628255570923,0.4666666666666667,0.5033333333333333,2.3634902073080286,0.0005693316688680998,0.34561006023020957,0.2999999999999996,0.9743589743589743,2.356348332261641e-05
B,no stimulus,64000,0.2790105887775045,0.3461007335781768,0.41333333333333333,0.44666666666666666,2.3324456466414003,0.0005748318135013802,0.3456057248211164,0.2999999999999996,0.9663322185061316,2.0960445673566746e-05
B,no stimulus,65000,0.27661957701243156,0.3607739893154612,0.4166666666666667,0.43666666666666665,2.3188943087068843,0.0005794760549384172,0.34560201269858265,0.2999999999999998,0.958974358974359,1.873145237726196e-05
B,no stimulus,66000,0.3139357566262919,0.3366526505577815,0.47,0.5233333333333333,2.3611639754522096,0.0005844673452889263,0.34559803111078524,0.2999999999999998,0.9600891861761427,1.9645200148398403e-05
B,no stimulus,67000,0.3096473338219578,0.3440831711014136,0.46,0.49,2.445965963310987,0.000589545065950023,0.34559399350928116,0.2999999999999994,0.9658862876254181,2.0343067544572787e-05
B,no stimulus,68000,0.30421378430461204,0.3583039884279686,0.47,0.5,2.388325981384335,0.0005941042560457166,0.3455901220775319,0.2999999999999994,0.9585284280936455,1.892471033824085e-05
B,no stimulus,69000,0.3115083141513057,0.34849962464239764,0.46,0.5033333333333333,2.41156365427914,0.0005994543709541808,0.34558573712801466,0.30000000000000054,0.9681159420289855,2.1565065251969946e-05
B,no stimulus,70000,0.3102451180085462,0.3340616111823632,0.45,0.4766666666666667,2.393414821122348,0.0006046594755866214,0.3455813555147086,0.300000000000001,0.9620958751393534,2.0491056236333618e-05
B,no stimulus,71000,0.3201595381410383,0.3596424357898854,0.49666666666666665,0.5233333333333333,2.3732265807571773,0.0006096823395442263,0.34557708823030137,0.3000000000000003,0.9663322185061316,2.065842535991533e-05
B,no stimulus,72000,0.32030887226869303,0.34044750764657244,0.48,0.5066666666666667,2.450510463791262,0.0006150018781193992,0.34557289719527806,0.30000000000000054,0.9612040133779264,2.0685979920189347e-05
B,no stimulus,73000,0.30638379107576025,0.34213924193201745,0.44333333333333336,0.49333333333333335,2.4060316262704147,0.0006196909124100986,0.3455689981891337,0.300000000000001,0.9616499442586399,1.9032111244892225e-05
B,no stimulus,74000,0.29047696365614567,0.3593193560847777,0.44666666666666666,0.48333333333333334,2.338848662379523,0.0006246666629054496,0.34556486588328883,0.3000000000000002,0.9658862876254181,2.059235021812066e-05
B,no stimulus,75000,0.30150703636338133,0.35362571253742875,0.4533333333333333,0.49666666666666665,2.40719461536643,0.0006293305109997948,0.3455612946221684,0.2999999999999996,0.9569676700111482,1.8374248886935418e-05
B,no stimulus,76000,0.294372525903518,0.3489928542373977,0.45,0.49,2.363784490150778,0.0006344450919396822,0.34555706386571594,0.2999999999999998,0.9634336677814939,2.0097339143050456e-05
B,no stimulus,77000,0.3136611541799355,0.3394688868155552,0.4766666666666667,0.49333333333333335,2.3672645790827977,0.0006398590824806325,0.3455527373098428,0.30000000000000016,0.9652173913043478,2.1424785010250194e-05
B,no stimulus,78000,0.31031374671345235,0.35934737967626806,0.4766666666666667,0.5066666666666667,2.3764737376099276,0.0006446059153723233,0.3455489317173439,0.2999999999999994,0.9596432552954292,1.8855089782452802e-05
B,no stimulus,79000,0.29082545894981765,0.3539196771783051,0.4266666666666667,0.48333333333333334,2.4060950074756384,0.0006497678457481167,0.34554452171388106,0.2999999999999991,0.9665551839464883,2.0703383272331595e-05
B,no stimulus,80000,0.29273971370424556,0.3653015714099971,0.44666666666666666,0.4766666666666667,2.2828637200791317,0.0006545529685306181,0.34554044572633835,0.30000000000000077,0.9596432552954292,1.953487509950442e-05
B,no stimulus,81000,0.2904405241295155,0.3608205230789801,0.44666666666666666,0.48,2.2949467902376686,0.0006593634765490979,0.34553648843257306,0.30000000000000043,0.9627647714604236,1.9949084528435624e-05
B,no stimulus,82000,0.3183818621038702,0.3586050005879531,0.47333333333333333,0.5033333333333333,2.33463228175049,0.0006647284864399532,0.3455317671809412,0.29999999999999993,0.9701226309921962,2.2690395925784082e-05
B,no stimulus,83000,0.30235048405852816,0.35172635987200285,0.45666666666666667,0.5,2.3255415161367927,0.0006699433095261552,0.34552764021779986,0.3000000000000003,0.9638795986622074,2.077645452395063e-05
B,no stimulus,84000,0.3102629971036672,0.34268234002343956,0.4633333333333333,0.49333333333333335,2.365100606804181,0.0006749028511041327,0.3455235960360107,0.2999999999999995,0.9587513935340022,1.9705881996779325e-05
B,no stimulus,85000,0.3202083794392806,0.34955836160256876,0.46,0.5033333333333333,2.4330265918419394,0.0006804084551882859,0.3455189371980762,0.2999999999999998,0.9712374581939799,2.2600202664210643e-05
B,no stimulus,86000,0.31068130749946354,0.34330180644724784,0.46,0.48333333333333334,2.329643031889908,0.000685899575076862,0.3455143990323193,0.30000000000000043,0.966778149386845,2.162649247672668e-05
B,no stimulus,87000,0.3012932398949699,0.36048232131676106,0.4533333333333333,0.49333333333333335,2.31572590153104,0.0006911191368538187,0.34550986840270886,0.3000000000000002,0.9690078037904125,2.118788528503322e-05
B,no stimulus,88000,0.2908386559220725,0.36070902266391697,0.4633333333333333,0.48,2.32904354074092,0.0006960167259237594,0.34550582083910736,0.2999999999999996,0.9672240802675586,2.003300287984564e-05
B,no stimulus,89000,0.305681707034005,0.35675204448971065,0.47,0.49666666666666665,2.3931510850703077,0.0007008068244704075,0.3455018674375796,0.2999999999999997,0.9616499442586399,1.958457089951593e-05
B,no stimulus,90000,0.3036625825631806,0.33589070380540015,0.4533333333333333,0.48333333333333334,2.4213962320834392,0.0007059328047274709,0.3454977583019352,0.30000000000000093,0.9661092530657748,2.0730672711267015e-05
B,no stimulus,91000,0.2954398996376414,0.3416335321840175,0.44,0.4633333333333333,2.38819210389474,0.0007109082787238024,0.3454939211877739,0.2999999999999996,0.9620958751393534,1.9176717320780195e-05
B,no stimulus,92000,0.31380892201854577,0.3435371248315765,0.47333333333333333,0.5133333333333333,2.3801325465939374,0.0007156349526283468,0.34549001055789325,0.3000000000000006,0.9609810479375697,1.8816308097241598e-05
B,no stimulus,93000,0.29990163463976105,0.34455751368047743,0.45666666666666667,0.49,2.381992319611975,0.0007207158749564466,0.3454857644518348,0.2999999999999992,0.9645484949832775,2.1406864955095752e-05
B,no stimulus,94000,0.3049086391038091,0.3456618364440594,0.45,0.4866666666666667,2.37573119142209,0.0007258793678576939,0.34548148083679336,0.29999999999999954,0.9649944258639911,2.068822123730257e-05
B,no stimulus,95000,0.3124855353071987,0.3647226464422172,0.45666666666666667,0.5033333333333333,2.3371391194773823,0.0007312034563671545,0.3454769370075452,0.3000000000000007,0.9712374581939799,2.2994934202270115e-05
B,no stimulus,96000,0.2882322108665912,0.35789770435022716,0.4266666666666667,0.46,2.2802217217874867,0.0007362968029199049,0.34547258489659977,0.3,0.9661092530657748,2.090101713598255e-05
B,no stimulus,97000,0.2921007109642059,0.36923955289573535,0.44333333333333336,0.45666666666666667,2.3023944723782526,0.0007415708615900757,0.3454682580365642,0.2999999999999997,0.9705685618729097,2.157185745877261e-05
B,no stimulus,98000,0.2835582691924719,0.3589144390188947,0.44333333333333336,0.4766666666666667,2.3342439108561615,0.000746644845431732,0.34546415367718203,0.3000000000000003,0.9609810479375697,1.995151478889047e-05
B,no stimulus,99000,0.2974426043588959,0.37398335054154863,0.43333333333333335,0.46,2.415828333226701,0.0007512891425546816,0.3454604579715725,0.2999999999999989,0.9654403567447045,1.9098393701913422e-05
B,no stimulus,100000,0.30569500908389796,0.3565957021121124,0.46,0.48333333333333334,2.347103540000222,0.000756616487235696,0.3454561414946441,0.3000000000000004,0.967670011148272,2.1122461283833497e-05
B,no stimulus,101000,0.3026570562486205,0.35763206278862475,0.4533333333333333,0.49,2.314218266322405,0.0007617138798976288,0.345451987960962,0.3000000000000016,0.9665551839464883,2.1364171929141474e-05
B,no stimulus,102000,0.3073069287772985,0.3278521604128876,0.46,0.5033333333333333,2.3978586846950067,0.0007669687021342169,0.34544756547127453,0.29999999999999927,0.966778149386845,2.100112087205707e-05
B,no stimulus,103000,0.3073538799785708,0.3489758158960145,0.47,0.4866666666666667,2.343769064995655,0.0007721850204268788,0.34544344309870895,0.2999999999999993,0.9654403567447045,2.06689570909271e-05
B,no stimulus,104000,0.3124788208166586,0.31088602855185626,0.4633333333333333,0.5033333333333333,2.4259169079257776,0.0007776954474513457,0.3454391626812933,0.2999999999999997,0.9609810479375697,2.0699918849939365e-05
B,no stimulus,105000,0.3166010312215499,0.33859089100726364,0.4666666666666667,0.5,2.3850027024375158,0.0007828720218718246,0.3454348556667552,0.3,0.9647714604236344,2.0544669178190675e-05
B,no stimulus,106000,0.30446332451345215,0.34486450273975305,0.4633333333333333,0.5033333333333333,2.3628175259043607,0.0007877526468687745,0.34543084888484055,0.2999999999999997,0.9638795986622074,1.961743858818073e-05
B,no stimulus,107000,0.2864732135213643,0.3420124009038639,0.4533333333333333,0.48,2.3595202939995725,0.000792789709013477,0.345427024168242,0.2999999999999991,0.9627647714604236,1.9862117584846015e-05
B,no stimulus,108000,0.29215028698762885,0.36667446872386744,0.44333333333333336,0.49333333333333335,2.43805500712059,0.0007975655770795408,0.3454229132200026,0.3000000000000002,0.9638795986622074,2.025836047925981e-05
B,no stimulus,109000,0.3080484808682502,0.33031296225703377,0.45,0.4866666666666667,2.3934955355788547,0.0008027032477172514,0.3454189651784664,0.2999999999999996,0.9672240802675586,2.018063105602301e-05
B,no stimulus,110000,0.29056344494427094,0.36049574873515255,0.44666666666666666,0.49333333333333335,2.3436396494825313,0.000807384226125303,0.34541517997587773,0.2999999999999999,0.9605351170568562,1.9062541941921588e-05
B,no stimulus,111000,0.3010486361729149,0.3640331459751248,0.45,0.4633333333333333,2.3491139040659355,0.0008126256379478579,0.34541088741462483,0.29999999999999916,0.966778149386845,2.1667541374926203e-05
B,no stimulus,112000,0.3216907460170007,0.346952696263722,0.49333333333333335,0.5266666666666666,2.32418842061375,0.00081805328077715,0.34540642551456263,0.30000000000000043,0.9681159420289855,2.2640167329020526e-05
B,no stimulus,113000,0.2896673004127974,0.35489050179025866,0.43666666666666665,0.47333333333333333,2.3916448846460767,0.0008229367626392106,0.3454024305551089,0.30000000000000093,0.9616499442586399,1.9786145197183226e-05
B,no stimulus,114000,0.29840309047641944,0.3615291007650655,0.45,0.48333333333333334,2.336931979933807,0.0008280028949501129,0.3453983751898582,0.2999999999999999,0.9636566332218506,2.0514818737492063e-05
B,no stimulus,115000,0.28326227465324083,0.34841108207742216,0.4166666666666667,0.4633333333333333,2.38380760915617,0.0008328350613509073,0.3453945676207813,0.29999999999999993,0.9645484949832775,1.9674549142393652e-05
B,no stimulus,116000,0.2975806394165821,0.359082250716334,0.4666666666666667,0.4866666666666667,2.3652502174938013,0.000837729305806767,0.3453907974051924,0.3000000000000003,0.9625418060200669,1.9502522136535794e-05
B,no stimulus,117000,0.2966303930316387,0.339432855164225,0.4533333333333333,0.5133333333333333,2.3941128792160864,0.0008426730929512116,0.34538677107398674,0.29999999999999905,0.9616499442586399,1.983119863289875e-05
B,no stimulus,118000,0.29651086393749454,0.3397897276008082,0.42,0.49,2.329197745934861,0.000847743367279078,0.3453825310443392,0.3,0.9654403567447045,2.0633718155418004e-05
B,no stimulus,119000,0.29686006505886076,0.37212089663428133,0.44666666666666666,0.48333333333333334,2.3538200112871026,0.0008523179641806808,0.34537879487133816,0.29999999999999916,0.9603121516164994,1.9188863213527937e-05
B,no stimulus,120000,0.2991869006634934,0.34350216936981054,0.45,0.49,2.3821442620126265,0.000857254892912871,0.3453747951805342,0.3000000000000003,0.9661092530657748,1.9963906793732552e-05
D,plasticity off,1000,0.3680162060500673,0.35485314672673723,0.5,0.51,2.2200484900045203,0.00040026882538335466,0.5729731432465665,0.4969560404248361,0.0,0.0
D,plasticity off,2000,0.3758134239295942,0.38690541356466324,0.49666666666666665,0.5166666666666667,2.2074352261405723,0.00040026882538335466,0.5729731432465665,0.4969560404248361,0.0,0.0
D,plasticity off,3000,0.384446289001314,0.37534542615059496,0.5233333333333333,0.54,2.28851999280869,0.00040026882538335466,0.5729731432465665,0.4969560404248361,0.0,0.0
D,plasticity off,4000,0.377132635646274,0.3770129568380796,0.51,0.5333333333333333,2.2699778793966017,0.00040026882538335466,0.5729731432465665,0.4969560404248361,0.0,0.0
D,plasticity off,5000,0.37296128401651835,0.3877983313638566,0.4866666666666667,0.5166666666666667,2.2513403223221777,0.00040026882538335466,0.5729731432465665,0.4969560404248361,0.0,0.0
D,plasticity off,6000,0.3720487432001977,0.3588548676159246,0.5,0.5166666666666667,2.2685730783659865,0.00040026882538335466,0.5729731432465665,0.4969560404248361,0.0,0.0
D,plasticity off,7000,0.3738406432458697,0.3708953153870084,0.5,0.51,2.2515377481543073,0.00040026882538335466,0.5729731432465665,0.4969560404248361,0.0,0.0
D,plasticity off,8000,0.35709654935642265,0.42680577659300506,0.47,0.49666666666666665,2.186360898758261,0.00040026882538335466,0.5729731432465665,0.4969560404248361,0.0,0.0
D,plasticity off,9000,0.3681625690724659,0.38174217907639085,0.49,0.5066666666666667,2.2520191793389275,0.00040026882538335466,0.5729731432465665,0.4969560404248361,0.0,0.0
D,plasticity off,10000,0.35752637400826254,0.3945873764916609,0.49,0.5033333333333333,2.183685278915933,0.00040026882538335466,0.5729731432465665,0.4969560404248361,0.0,0.0
D,plasticity off,11000,0.36579774127320186,0.4132630267889587,0.49,0.5,2.1485607365668384,0.00040026882538335466,0.5729731432465665,0.4969560404248361,0.0,0.0
D,plasticity off,12000,0.36633167401926064,0.3610657873285077,0.5,0.5266666666666666,2.2979055380766105,0.00040026882538335466,0.5729731432465665,0.4969560404248361,0.0,0.0
D,plasticity off,13000,0.36907023837205943,0.3766271596569068,0.49666666666666665,0.5033333333333333,2.2339808169886566,0.00040026882538335466,0.5729731432465665,0.4969560404248361,0.0,0.0
D,plasticity off,14000,0.3712553401119638,0.40047994156655664,0.5033333333333333,0.52,2.25454349043338,0.00040026882538335466,0.5729731432465665,0.4969560404248361,0.0,0.0
D,plasticity off,15000,0.3720053232386567,0.39833603118391875,0.49333333333333335,0.5166666666666667,2.2029102688260127,0.00040026882538335466,0.5729731432465665,0.4969560404248361,0.0,0.0
D,plasticity off,16000,0.366101940083861,0.39516875789712474,0.48,0.5166666666666667,2.2523418699166657,0.00040026882538335466,0.5729731432465665,0.4969560404248361,0.0,0.0
D,plasticity off,17000,0.35363498092164536,0.3551154374079902,0.48,0.4866666666666667,2.2545331910512667,0.00040026882538335466,0.5729731432465665,0.4969560404248361,0.0,0.0
D,plasticity off,18000,0.3688839459163287,0.39106722771960617,0.49666666666666665,0.5033333333333333,2.1535420566817627,0.00040026882538335466,0.5729731432465665,0.4969560404248361,0.0,0.0
D,plasticity off,19000,0.3761783480058676,0.4032602740823294,0.49333333333333335,0.5066666666666667,2.1947608105433853,0.00040026882538335466,0.5729731432465665,0.4969560404248361,0.0,0.0
D,plasticity off,20000,0.3572398286501202,0.4191574625509348,0.4766666666666667,0.49,2.1449947615985097,0.00040026882538335466,0.5729731432465665,0.4969560404248361,0.0,0.0
D,plasticity off,21000,0.3574173303400858,0.34521733776465535,0.49,0.52,2.3628186288009605,0.00040026882538335466,0.5729731432465665,0.4969560404248361,0.0,0.0
D,plasticity off,22000,0.36146854122933064,0.36934668407166255,0.49333333333333335,0.5133333333333333,2.3383498788896837,0.00040026882538335466,0.5729731432465665,0.4969560404248361,0.0,0.0
D,plasticity off,23000,0.3656147640537204,0.3934869618055407,0.49,0.5066666666666667,2.2009680116744925,0.00040026882538335466,0.5729731432465665,0.4969560404248361,0.0,0.0
D,plasticity off,24000,0.3729452145142402,0.3716983709932047,0.49,0.5166666666666667,2.276426199887798,0.00040026882538335466,0.5729731432465665,0.4969560404248361,0.0,0.0
D,plasticity off,25000,0.36790604881565026,0.3496869797483663,0.49,0.5066666666666667,2.3321860480033134,0.00040026882538335466,0.5729731432465665,0.4969560404248361,0.0,0.0
D,plasticity off,26000,0.3710254074828186,0.38444686361261715,0.49666666666666665,0.5033333333333333,2.188531492570681,0.00040026882538335466,0.5729731432465665,0.4969560404248361,0.0,0.0
D,plasticity off,27000,0.38401371384361205,0.37754149640031787,0.5366666666666666,0.54,2.2706015023878257,0.00040026882538335466,0.5729731432465665,0.4969560404248361,0.0,0.0
D,plasticity off,28000,0.36879962087457396,0.3902436913846063,0.49,0.49666666666666665,2.259074442944509,0.00040026882538335466,0.5729731432465665,0.4969560404248361,0.0,0.0
D,plasticity off,29000,0.36016924187516614,0.3863137378809777,0.5,0.5133333333333333,2.253973094335513,0.00040026882538335466,0.5729731432465665,0.4969560404248361,0.0,0.0
D,plasticity off,30000,0.36342585028217,0.3619163122140381,0.48333333333333334,0.5133333333333333,2.2677468595831773,0.00040026882538335466,0.5729731432465665,0.4969560404248361,0.0,0.0
D,plasticity off,31000,0.37124407415142363,0.37811602588016935,0.5,0.5233333333333333,2.246032842286091,0.00040026882538335466,0.5729731432465665,0.4969560404248361,0.0,0.0
D,plasticity off,32000,0.3657712252577887,0.3938143217781253,0.4866666666666667,0.53,2.3225908343990356,0.00040026882538335466,0.5729731432465665,0.4969560404248361,0.0,0.0
D,plasticity off,33000,0.37258058638490926,0.39105304064202795,0.49333333333333335,0.51,2.183851007286881,0.00040026882538335466,0.5729731432465665,0.4969560404248361,0.0,0.0
D,plasticity off,34000,0.3558670276905038,0.36700608990689093,0.48,0.49666666666666665,2.227854030197388,0.00040026882538335466,0.5729731432465665,0.4969560404248361,0.0,0.0
D,plasticity off,35000,0.38969453501484563,0.3510515938146254,0.5266666666666666,0.5433333333333333,2.3383248562057917,0.00040026882538335466,0.5729731432465665,0.4969560404248361,0.0,0.0
D,plasticity off,36000,0.35606217927237094,0.4047347244515553,0.47,0.48333333333333334,2.1540392384709532,0.00040026882538335466,0.5729731432465665,0.4969560404248361,0.0,0.0
D,plasticity off,37000,0.36129823804954203,0.3825015884781855,0.49,0.5066666666666667,2.182155849088469,0.00040026882538335466,0.5729731432465665,0.4969560404248361,0.0,0.0
D,plasticity off,38000,0.360909190994076,0.38141560403071795,0.48333333333333334,0.49666666666666665,2.1863257833488934,0.00040026882538335466,0.5729731432465665,0.4969560404248361,0.0,0.0
D,plasticity off,39000,0.3656513518911816,0.3779340057643282,0.5033333333333333,0.5233333333333333,2.227853953665021,0.00040026882538335466,0.5729731432465665,0.4969560404248361,0.0,0.0
D,plasticity off,40000,0.367319649590241,0.37071456253480617,0.48,0.5166666666666667,2.2409229015082763,0.00040026882538335466,0.5729731432465665,0.4969560404248361,0.0,0.0
D,plasticity off,41000,0.39122961737996786,0.3402410484652557,0.5166666666666667,0.5333333333333333,2.344061745155193,0.00040026882538335466,0.5729731432465665,0.4969560404248361,0.0,0.0
D,plasticity off,42000,0.37408673763193806,0.3763978313743085,0.5066666666666667,0.5233333333333333,2.2859936982587983,0.00040026882538335466,0.5729731432465665,0.4969560404248361,0.0,0.0
D,plasticity off,43000,0.3653357665837244,0.37149796792585354,0.4866666666666667,0.51,2.3134604463209656,0.00040026882538335466,0.5729731432465665,0.4969560404248361,0.0,0.0
D,plasticity off,44000,0.3675805092095265,0.37262680528419134,0.49666666666666665,0.5166666666666667,2.200692454998711,0.00040026882538335466,0.5729731432465665,0.4969560404248361,0.0,0.0
D,plasticity off,45000,0.36540032915479265,0.39765537615456503,0.5,0.52,2.2295083808057847,0.00040026882538335466,0.5729731432465665,0.4969560404248361,0.0,0.0
D,plasticity off,46000,0.36552955832102496,0.39933944656495524,0.5,0.51,2.238426373245939,0.00040026882538335466,0.5729731432465665,0.4969560404248361,0.0,0.0
D,plasticity off,47000,0.371511736501614,0.4033628593477916,0.5133333333333333,0.52,2.1601185690561664,0.00040026882538335466,0.5729731432465665,0.4969560404248361,0.0,0.0
D,plasticity off,48000,0.3604462864938964,0.4122478561194109,0.48333333333333334,0.49666666666666665,2.1529505283109995,0.00040026882538335466,0.5729731432465665,0.4969560404248361,0.0,0.0
D,plasticity off,49000,0.37854892759048653,0.3763017694513049,0.5166666666666667,0.5366666666666666,2.254374635769106,0.00040026882538335466,0.5729731432465665,0.4969560404248361,0.0,0.0
D,plasticity off,50000,0.3717722172384914,0.40881376120597357,0.4866666666666667,0.5,2.13416601615907,0.00040026882538335466,0.5729731432465665,0.4969560404248361,0.0,0.0
D,plasticity off,51000,0.3686633065707205,0.3616056860236415,0.49333333333333335,0.5033333333333333,2.2699485084552546,0.00040026882538335466,0.5729731432465665,0.4969560404248361,0.0,0.0
D,plasticity off,52000,0.3549961436614217,0.41763512445962325,0.4866666666666667,0.49,2.105881852247694,0.00040026882538335466,0.5729731432465665,0.4969560404248361,0.0,0.0
D,plasticity off,53000,0.35477227251688104,0.38036619147600365,0.47,0.49,2.226292038781958,0.00040026882538335466,0.5729731432465665,0.4969560404248361,0.0,0.0
D,plasticity off,54000,0.35852543429660705,0.404080301465245,0.49333333333333335,0.5,2.1571611490718503,0.00040026882538335466,0.5729731432465665,0.4969560404248361,0.0,0.0
D,plasticity off,55000,0.37088321951205055,0.3936262071992351,0.49666666666666665,0.5133333333333333,2.2630846397639734,0.00040026882538335466,0.5729731432465665,0.4969560404248361,0.0,0.0
D,plasticity off,56000,0.3784075930998986,0.3954648527190377,0.5166666666666667,0.5333333333333333,2.213203319042666,0.00040026882538335466,0.5729731432465665,0.4969560404248361,0.0,0.0
D,plasticity off,57000,0.38112630425350985,0.34210899803197314,0.5266666666666666,0.5333333333333333,2.3113491193971294,0.00040026882538335466,0.5729731432465665,0.4969560404248361,0.0,0.0
D,plasticity off,58000,0.36667050434553394,0.3890918873891515,0.49666666666666665,0.51,2.1681432266408156,0.00040026882538335466,0.5729731432465665,0.4969560404248361,0.0,0.0
D,plasticity off,59000,0.373717695020281,0.39628657079533647,0.5066666666666667,0.53,2.276405433273534,0.00040026882538335466,0.5729731432465665,0.4969560404248361,0.0,0.0
D,plasticity off,60000,0.37040556867734464,0.39136884394397453,0.4866666666666667,0.49666666666666665,2.205914309139475,0.00040026882538335466,0.5729731432465665,0.4969560404248361,0.0,0.0
D,plasticity off,61000,0.37472866098537666,0.3427363872189247,0.51,0.5266666666666666,2.350096028688857,0.00040026882538335466,0.5729731432465665,0.4969560404248361,0.0,0.0
D,plasticity off,62000,0.3741371752246008,0.35676214911194354,0.51,0.5233333333333333,2.357762556453356,0.00040026882538335466,0.5729731432465665,0.4969560404248361,0.0,0.0
D,plasticity off,63000,0.3841662618681055,0.36872895970311853,0.5133333333333333,0.5266666666666666,2.231069264968587,0.00040026882538335466,0.5729731432465665,0.4969560404248361,0.0,0.0
D,plasticity off,64000,0.3841170783573302,0.35232803241040417,0.5233333333333333,0.5366666666666666,2.3810801747372654,0.00040026882538335466,0.5729731432465665,0.4969560404248361,0.0,0.0
D,plasticity off,65000,0.36875498372502147,0.3397727149279266,0.5166666666666667,0.53,2.2722453282302664,0.00040026882538335466,0.5729731432465665,0.4969560404248361,0.0,0.0
D,plasticity off,66000,0.34655382887246516,0.37954535438970965,0.4766666666666667,0.48,2.163077496806767,0.00040026882538335466,0.5729731432465665,0.4969560404248361,0.0,0.0
D,plasticity off,67000,0.36535351381858294,0.3487002927276323,0.5,0.5233333333333333,2.3774068155526344,0.00040026882538335466,0.5729731432465665,0.4969560404248361,0.0,0.0
D,plasticity off,68000,0.3710482942950399,0.35446920644859603,0.5066666666666667,0.5366666666666666,2.3235041129033993,0.00040026882538335466,0.5729731432465665,0.4969560404248361,0.0,0.0
D,plasticity off,69000,0.37852969542863085,0.38872153087251915,0.49333333333333335,0.51,2.175760207309443,0.00040026882538335466,0.5729731432465665,0.4969560404248361,0.0,0.0
D,plasticity off,70000,0.37039489457764563,0.36994500501286326,0.49,0.5166666666666667,2.270492470282071,0.00040026882538335466,0.5729731432465665,0.4969560404248361,0.0,0.0
D,plasticity off,71000,0.3454739582242713,0.3863894636707741,0.47,0.49,2.21321356343755,0.00040026882538335466,0.5729731432465665,0.4969560404248361,0.0,0.0
D,plasticity off,72000,0.36130096150844887,0.4046604906121877,0.4766666666666667,0.4866666666666667,2.188727897947886,0.00040026882538335466,0.5729731432465665,0.4969560404248361,0.0,0.0
D,plasticity off,73000,0.3797370282449139,0.38315125688194535,0.51,0.53,2.287682880691575,0.00040026882538335466,0.5729731432465665,0.4969560404248361,0.0,0.0
D,plasticity off,74000,0.3674569347429889,0.3658048329576477,0.49333333333333335,0.5233333333333333,2.2067865808328713,0.00040026882538335466,0.5729731432465665,0.4969560404248361,0.0,0.0
D,plasticity off,75000,0.36967591660831006,0.39135990540014043,0.5066666666666667,0.52,2.1349629923531555,0.00040026882538335466,0.5729731432465665,0.4969560404248361,0.0,0.0
D,plasticity off,76000,0.35504397103212976,0.39635928199943615,0.48,0.49666666666666665,2.197883159710908,0.00040026882538335466,0.5729731432465665,0.4969560404248361,0.0,0.0
D,plasticity off,77000,0.36386406287230355,0.38994456720333126,0.48,0.5,2.191683735197153,0.00040026882538335466,0.5729731432465665,0.4969560404248361,0.0,0.0
D,plasticity off,78000,0.36280095500191806,0.39341687927643854,0.49333333333333335,0.5,2.1601268701108864,0.00040026882538335466,0.5729731432465665,0.4969560404248361,0.0,0.0
D,plasticity off,79000,0.3658855223708452,0.3783975817471153,0.4866666666666667,0.5033333333333333,2.216028137373689,0.00040026882538335466,0.5729731432465665,0.4969560404248361,0.0,0.0
D,plasticity off,80000,0.3586872525417084,0.3944082738211217,0.4766666666666667,0.5033333333333333,2.212608896184827,0.00040026882538335466,0.5729731432465665,0.4969560404248361,0.0,0.0
D,plasticity off,81000,0.37193765720760064,0.346351235400314,0.5033333333333333,0.53,2.30193726578545,0.00040026882538335466,0.5729731432465665,0.4969560404248361,0.0,0.0
D,plasticity off,82000,0.3702267804318604,0.3982102161749504,0.5,0.5133333333333333,2.138714830731055,0.00040026882538335466,0.5729731432465665,0.4969560404248361,0.0,0.0
D,plasticity off,83000,0.37584117914535164,0.3786902966258075,0.5166666666666667,0.5333333333333333,2.294576862131734,0.00040026882538335466,0.5729731432465665,0.4969560404248361,0.0,0.0
D,plasticity off,84000,0.3633230645245121,0.36456707876611316,0.49333333333333335,0.51,2.2779687210313075,0.00040026882538335466,0.5729731432465665,0.4969560404248361,0.0,0.0
D,plasticity off,85000,0.3743502850911872,0.3786673094518789,0.5133333333333333,0.52,2.2206862599071395,0.00040026882538335466,0.5729731432465665,0.4969560404248361,0.0,0.0
D,plasticity off,86000,0.3646989197730836,0.4020988921050948,0.48333333333333334,0.51,2.174635791621305,0.00040026882538335466,0.5729731432465665,0.4969560404248361,0.0,0.0
D,plasticity off,87000,0.3615380718717732,0.36208177193856383,0.48333333333333334,0.5066666666666667,2.3375285558951138,0.00040026882538335466,0.5729731432465665,0.4969560404248361,0.0,0.0
D,plasticity off,88000,0.3791176257020313,0.35352651301278293,0.51,0.5133333333333333,2.292355819096025,0.00040026882538335466,0.5729731432465665,0.4969560404248361,0.0,0.0
D,plasticity off,89000,0.3756415518725722,0.37788637610451775,0.49666666666666665,0.5266666666666666,2.317960140088979,0.00040026882538335466,0.5729731432465665,0.4969560404248361,0.0,0.0
D,plasticity off,90000,0.36889701638064015,0.4028706224862324,0.5,0.5066666666666667,2.186486660782514,0.00040026882538335466,0.5729731432465665,0.4969560404248361,0.0,0.0
D,plasticity off,91000,0.3513685078024797,0.40649485528245116,0.4766666666666667,0.48333333333333334,2.151169500200222,0.00040026882538335466,0.5729731432465665,0.4969560404248361,0.0,0.0
D,plasticity off,92000,0.38329662946231724,0.37504012148515536,0.52,0.53,2.263146639393726,0.00040026882538335466,0.5729731432465665,0.4969560404248361,0.0,0.0
D,plasticity off,93000,0.35727063316129326,0.3563438879367367,0.47,0.5,2.2726002776829417,0.00040026882538335466,0.5729731432465665,0.4969560404248361,0.0,0.0
D,plasticity off,94000,0.36396372125416626,0.35721312173622083,0.49333333333333335,0.51,2.265074219261342,0.00040026882538335466,0.5729731432465665,0.4969560404248361,0.0,0.0
D,plasticity off,95000,0.3707284139238023,0.3897024357130139,0.48333333333333334,0.51,2.2415285034549823,0.00040026882538335466,0.5729731432465665,0.4969560404248361,0.0,0.0
D,plasticity off,96000,0.3712909072828928,0.3937533824814465,0.5,0.51,2.1831745971722554,0.00040026882538335466,0.5729731432465665,0.4969560404248361,0.0,0.0
D,plasticity off,97000,0.3615910602878488,0.4156540882363762,0.48333333333333334,0.49666666666666665,2.134308997104861,0.00040026882538335466,0.5729731432465665,0.4969560404248361,0.0,0.0
D,plasticity off,98000,0.37928027212946774,0.34491095703747027,0.5066666666666667,0.5266666666666666,2.3329096952634045,0.00040026882538335466,0.5729731432465665,0.4969560404248361,0.0,0.0
D,plasticity off,99000,0.3701314124927618,0.3889633845130387,0.49,0.51,2.213430804850925,0.00040026882538335466,0.5729731432465665,0.4969560404248361,0.0,0.0
D,plasticity off,100000,0.3743579252317038,0.36560103174636555,0.49666666666666665,0.53,2.3054672982046855,0.00040026882538335466,0.5729731432465665,0.4969560404248361,0.0,0.0
D,plasticity off,101000,0.3619186398168147,0.36828404803480264,0.49333333333333335,0.5133333333333333,2.2512469941219786,0.00040026882538335466,0.5729731432465665,0.4969560404248361,0.0,0.0
D,plasticity off,102000,0.3606703872745994,0.4160526220559705,0.48,0.4866666666666667,2.1628061098271845,0.00040026882538335466,0.5729731432465665,0.4969560404248361,0.0,0.0
D,plasticity off,103000,0.36333848758646015,0.3772411414434825,0.5033333333333333,0.5133333333333333,2.2202237577418624,0.00040026882538335466,0.5729731432465665,0.4969560404248361,0.0,0.0
D,plasticity off,104000,0.3909736254648756,0.37075032366816324,0.54,0.5566666666666666,2.327216521454459,0.00040026882538335466,0.5729731432465665,0.4969560404248361,0.0,0.0
D,plasticity off,105000,0.3769285893973378,0.40250802618751064,0.5033333333333333,0.5266666666666666,2.212593224914006,0.00040026882538335466,0.5729731432465665,0.4969560404248361,0.0,0.0
D,plasticity off,106000,0.3562539525756545,0.4094793673551855,0.49666666666666665,0.5,2.1003753288661553,0.00040026882538335466,0.5729731432465665,0.4969560404248361,0.0,0.0
D,plasticity off,107000,0.35924522678519466,0.36280509074018663,0.48,0.5033333333333333,2.2823425383183764,0.00040026882538335466,0.5729731432465665,0.4969560404248361,0.0,0.0
D,plasticity off,108000,0.3697105636201596,0.3609590677811466,0.5033333333333333,0.5266666666666666,2.253499058225829,0.00040026882538335466,0.5729731432465665,0.4969560404248361,0.0,0.0
D,plasticity off,109000,0.36305574656878464,0.3288639023032287,0.48,0.49666666666666665,2.3140948831583814,0.00040026882538335466,0.5729731432465665,0.4969560404248361,0.0,0.0
D,plasticity off,110000,0.3774079186638799,0.36184288967145267,0.52,0.5333333333333333,2.340273387062651,0.00040026882538335466,0.5729731432465665,0.4969560404248361,0.0,0.0
D,plasticity off,111000,0.37512210373619986,0.3378949522709637,0.49666666666666665,0.5433333333333333,2.413627297967171,0.00040026882538335466,0.5729731432465665,0.4969560404248361,0.0,0.0
D,plasticity off,112000,0.36851655330787036,0.37021953169827315,0.5033333333333333,0.5166666666666667,2.2320400033890118,0.00040026882538335466,0.5729731432465665,0.4969560404248361,0.0,0.0
D,plasticity off,113000,0.365329240989651,0.36508136275540115,0.4866666666666667,0.5066666666666667,2.1879459625807485,0.00040026882538335466,0.5729731432465665,0.4969560404248361,0.0,0.0
D,plasticity off,114000,0.3709194909791869,0.39023900128583067,0.5066666666666667,0.5166666666666667,2.2633251980026783,0.00040026882538335466,0.5729731432465665,0.4969560404248361,0.0,0.0
D,plasticity off,115000,0.3640308660240732,0.36052755515164564,0.5066666666666667,0.5266666666666666,2.3383696575452637,0.00040026882538335466,0.5729731432465665,0.4969560404248361,0.0,0.0
D,plasticity off,116000,0.3690048055280256,0.3755029511637253,0.49333333333333335,0.51,2.2086777378404134,0.00040026882538335466,0.5729731432465665,0.4969560404248361,0.0,0.0
D,plasticity off,117000,0.3679870122817979,0.36377055095116256,0.49,0.52,2.3489023184061586,0.00040026882538335466,0.5729731432465665,0.4969560404248361,0.0,0.0
D,plasticity off,118000,0.3565071629592051,0.36290033100432556,0.48333333333333334,0.5066666666666667,2.208700034557251,0.00040026882538335466,0.5729731432465665,0.4969560404248361,0.0,0.0
D,plasticity off,119000,0.3743381305483405,0.3730644579936836,0.5033333333333333,0.51,2.131360488801818,0.00040026882538335466,0.5729731432465665,0.4969560404248361,0.0,0.0
D,plasticity off,120000,0.37676665456576064,0.37159163641461845,0.51,0.52,2.180484772273112,0.00040026882538335466,0.5729731432465665,0.4969560404248361,0.0,0.0
