seed,arm,event_type,subgraph,n_connections,trace_src_positive_rate,phi_tgt_positive_rate,support_rate,trace_l1,phi_l1,raw_l1,dW_l1,tag_delta_l1,support_over_trace_phi_expected,trace_phi_overlap_index,support_concentration_by_subgraph,h_mean_supported,h_mean_unsupported,h_support_ratio,corr_h_trace_src,corr_h_phi_tgt,corr_h_support,LL_special_case_flag,RR_seed_split_flag,R_event_collapse_flag,support_decomposition_verdict,trace_count,phi_count,support_count
42,closed_loop,ALL,ALL,53820,0.079599,0.047157,0.004143,19.339094,13.265068,0.006112,0.0011,0.0011,1.103843,0.087864,0.004143,0.121626,0.128135,0.949199,0.00404,-0.011105,-0.00447,0,0,0,h_not_upstream_of_9C_support,4284,2538,223
42,closed_loop,ALL,LL,11808,0.061484,0.043191,0.002541,2.686787,2.31121,0.00044,0.000162,0.000162,0.956733,0.058824,0.002541,0.163946,0.130853,1.252909,0.035342,0.021465,0.017924,1,0,0,LL_topology_support_special_case,726,510,30
42,closed_loop,ALL,LM,1824,0.072368,0.0,0.0,0.406962,0.0,0.0,0.0,0.0,nan,nan,0.0,nan,0.126821,nan,0.091346,nan,nan,0,0,0,support_geometry_mixed,132,0,0
42,closed_loop,ALL,LR,11352,0.073643,0.065011,0.006871,3.713553,3.920838,0.001624,0.000283,0.000283,1.435173,0.105691,0.006871,0.150021,0.132804,1.129644,0.088667,0.006626,0.014564,0,0,0,h_not_upstream_of_9C_support,836,738,78
42,closed_loop,ALL,ML,2100,0.0,0.037143,0.0,0.0,0.536963,0.0,0.0,0.0,nan,nan,0.0,nan,0.134232,nan,nan,0.072121,nan,0,0,0,support_geometry_mixed,0,78,0
42,closed_loop,ALL,MM,228,0.0,0.0,0.0,0.0,0.0,0.0,0.0,0.0,nan,nan,0.0,nan,0.116113,nan,nan,nan,nan,0,0,0,support_geometry_mixed,0,0,0
42,closed_loop,ALL,MR,2064,0.0,0.061047,0.0,0.0,0.62967,0.0,0.0,0.0,nan,nan,0.0,nan,0.122334,nan,nan,-0.049093,nan,0,0,0,support_geometry_mixed,0,126,0
42,closed_loop,ALL,RL,11256,0.103056,0.031983,0.003109,5.54353,1.862089,0.001171,0.000338,0.000338,0.943391,0.097222,0.003109,0.063485,0.130456,0.486641,-0.000858,-0.014959,-0.0401,0,0,0,h_not_upstream_of_9C_support,1160,360,35
42,closed_loop,ALL,RM,1656,0.078502,0.0,0.0,0.628486,0.0,0.0,0.0,0.0,nan,nan,0.0,nan,0.132473,nan,-0.051158,nan,nan,0,0,0,support_geometry_mixed,130,0,0
42,closed_loop,ALL,RR,11532,0.11273,0.062955,0.006937,6.359776,4.004298,0.002877,0.000317,0.000317,0.977495,0.110193,0.006937,0.103506,0.118218,0.875553,-0.053448,-0.052794,-0.013626,0,1,0,RR_phi_limited_seed_split,1300,726,80
42,closed_loop,L,L,5904,0.055894,0.086382,0.005081,1.301228,2.31121,0.00044,0.000162,0.000162,1.052406,0.090909,0.005081,0.163946,0.119891,1.367459,0.029573,0.066028,0.035769,0,0,0,h_not_upstream_of_9C_support,330,510,30
42,closed_loop,L,L,912,0.065789,0.0,0.0,0.197094,0.0,0.0,0.0,0.0,nan,nan,0.0,nan,0.116334,nan,0.080179,nan,nan,0,0,0,support_geometry_mixed,60,0,0
42,closed_loop,L,L,5676,0.066949,0.0,0.0,1.798497,0.0,0.0,0.0,0.0,nan,nan,0.0,nan,0.121945,nan,0.077459,nan,nan,0,0,0,support_geometry_mixed,380,0,0
42,closed_loop,L,LL,5904,0.055894,0.086382,0.005081,1.301228,2.31121,0.00044,0.000162,0.000162,1.052406,0.090909,0.005081,0.163946,0.119891,1.367459,0.029573,0.066028,0.035769,1,0,0,LL_topology_support_special_case,330,510,30
42,closed_loop,L,LM,912,0.065789,0.0,0.0,0.197094,0.0,0.0,0.0,0.0,nan,nan,0.0,nan,0.116334,nan,0.080179,nan,nan,0,0,0,support_geometry_mixed,60,0,0
42,closed_loop,L,LR,5676,0.066949,0.0,0.0,1.798497,0.0,0.0,0.0,0.0,nan,nan,0.0,nan,0.121945,nan,0.077459,nan,nan,0,0,0,support_geometry_mixed,380,0,0
42,closed_loop,L,M,1050,0.0,0.074286,0.0,0.0,0.536963,0.0,0.0,0.0,nan,nan,0.0,nan,0.12308,nan,nan,0.141381,nan,0,0,0,support_geometry_mixed,0,78,0
42,closed_loop,L,M,114,0.0,0.0,0.0,0.0,0.0,0.0,0.0,0.0,nan,nan,0.0,nan,0.106686,nan,nan,nan,nan,0,0,0,support_geometry_mixed,0,0,0
42,closed_loop,L,M,1032,0.0,0.0,0.0,0.0,0.0,0.0,0.0,0.0,nan,nan,0.0,nan,0.112296,nan,nan,nan,nan,0,0,0,support_geometry_mixed,0,0,0
42,closed_loop,L,ML,1050,0.0,0.074286,0.0,0.0,0.536963,0.0,0.0,0.0,nan,nan,0.0,nan,0.12308,nan,nan,0.141381,nan,0,0,0,support_geometry_mixed,0,78,0
42,closed_loop,L,MM,114,0.0,0.0,0.0,0.0,0.0,0.0,0.0,0.0,nan,nan,0.0,nan,0.106686,nan,nan,nan,nan,0,0,0,support_geometry_mixed,0,0,0
42,closed_loop,L,MR,1032,0.0,0.0,0.0,0.0,0.0,0.0,0.0,0.0,nan,nan,0.0,nan,0.112296,nan,nan,nan,nan,0,0,0,support_geometry_mixed,0,0,0
42,closed_loop,L,R,5628,0.103056,0.063966,0.006219,2.849828,1.862089,0.001171,0.000338,0.000338,0.943391,0.097222,0.006219,0.063485,0.119823,0.529825,0.014508,0.005517,-0.050539,0,0,0,h_not_upstream_of_9C_support,580,360,35
42,closed_loop,L,R,828,0.078502,0.0,0.0,0.323093,0.0,0.0,0.0,0.0,nan,nan,0.0,nan,0.121456,nan,-0.038413,nan,nan,0,0,0,support_geometry_mixed,65,0,0
42,closed_loop,L,R,5766,0.11273,0.0,0.0,3.269446,0.0,0.0,0.0,0.0,nan,nan,0.0,nan,0.108385,nan,-0.038099,nan,nan,0,0,0,support_geometry_mixed,650,0,0
42,closed_loop,L,RL,5628,0.103056,0.063966,0.006219,2.849828,1.862089,0.001171,0.000338,0.000338,0.943391,0.097222,0.006219,0.063485,0.119823,0.529825,0.014508,0.005517,-0.050539,0,0,0,h_not_upstream_of_9C_support,580,360,35
42,closed_loop,L,RM,828,0.078502,0.0,0.0,0.323093,0.0,0.0,0.0,0.0,nan,nan,0.0,nan,0.121456,nan,-0.038413,nan,nan,0,0,0,support_geometry_mixed,65,0,0
42,closed_loop,L,RR,5766,0.11273,0.0,0.0,3.269446,0.0,0.0,0.0,0.0,nan,nan,0.0,nan,0.108385,nan,-0.038099,nan,nan,0,1,0,support_geometry_mixed,650,0,0
42,closed_loop,R,L,5904,0.067073,0.0,0.0,1.385559,0.0,0.0,0.0,0.0,nan,nan,0.0,nan,0.141758,nan,0.040374,nan,nan,0,0,1,support_geometry_mixed,396,0,0
42,closed_loop,R,L,912,0.078947,0.0,0.0,0.209868,0.0,0.0,0.0,0.0,nan,nan,0.0,nan,0.137308,nan,0.102858,nan,nan,0,0,1,support_geometry_mixed,72,0,0
42,closed_loop,R,L,5676,0.080338,0.130021,0.013742,1.915056,3.920838,0.001624,0.000283,0.000283,1.315576,0.171053,0.013742,0.150021,0.143815,1.043158,0.100062,-0.022632,0.007091,0,0,1,h_not_upstream_of_9C_support,456,738,78
42,closed_loop,R,LL,5904,0.067073,0.0,0.0,1.385559,0.0,0.0,0.0,0.0,nan,nan,0.0,nan,0.141758,nan,0.040374,nan,nan,1,0,1,support_geometry_mixed,396,0,0
42,closed_loop,R,LM,912,0.078947,0.0,0.0,0.209868,0.0,0.0,0.0,0.0,nan,nan,0.0,nan,0.137308,nan,0.102858,nan,nan,0,0,1,support_geometry_mixed,72,0,0
42,closed_loop,R,LR,5676,0.080338,0.130021,0.013742,1.915056,3.920838,0.001624,0.000283,0.000283,1.315576,0.171053,0.013742,0.150021,0.143815,1.043158,0.100062,-0.022632,0.007091,0,0,1,h_not_upstream_of_9C_support,456,738,78
42,closed_loop,R,M,1050,0.0,0.0,0.0,0.0,0.0,0.0,0.0,0.0,nan,nan,0.0,nan,0.145383,nan,nan,nan,nan,0,0,1,support_geometry_mixed,0,0,0
42,closed_loop,R,M,114,0.0,0.0,0.0,0.0,0.0,0.0,0.0,0.0,nan,nan,0.0,nan,0.125539,nan,nan,nan,nan,0,0,1,support_geometry_mixed,0,0,0
42,closed_loop,R,M,1032,0.0,0.122093,0.0,0.0,0.62967,0.0,0.0,0.0,nan,nan,0.0,nan,0.132372,nan,nan,-0.099231,nan,0,0,1,support_geometry_mixed,0,126,0
42,closed_loop,R,ML,1050,0.0,0.0,0.0,0.0,0.0,0.0,0.0,0.0,nan,nan,0.0,nan,0.145383,nan,nan,nan,nan,0,0,1,support_geometry_mixed,0,0,0
42,closed_loop,R,MM,114,0.0,0.0,0.0,0.0,0.0,0.0,0.0,0.0,nan,nan,0.0,nan,0.125539,nan,nan,nan,nan,0,0,1,support_geometry_mixed,0,0,0
42,closed_loop,R,MR,1032,0.0,0.122093,0.0,0.0,0.62967,0.0,0.0,0.0,nan,nan,0.0,nan,0.132372,nan,nan,-0.099231,nan,0,0,1,support_geometry_mixed,0,126,0
42,closed_loop,R,R,5628,0.103056,0.0,0.0,2.693701,0.0,0.0,0.0,0.0,nan,nan,0.0,nan,0.141023,nan,-0.015066,nan,nan,0,0,1,support_geometry_mixed,580,0,0
42,closed_loop,R,R,828,0.078502,0.0,0.0,0.305393,0.0,0.0,0.0,0.0,nan,nan,0.0,nan,0.143491,nan,-0.064181,nan,nan,0,0,1,support_geometry_mixed,65,0,0
42,closed_loop,R,R,5766,0.11273,0.125911,0.013874,3.09033,4.004298,0.002877,0.000317,0.000317,0.977495,0.123077,0.013874,0.103506,0.128189,0.80745,-0.068902,-0.103076,-0.030824,0,0,1,h_not_upstream_of_9C_support,650,726,80
42,closed_loop,R,RL,5628,0.103056,0.0,0.0,2.693701,0.0,0.0,0.0,0.0,nan,nan,0.0,nan,0.141023,nan,-0.015066,nan,nan,0,0,1,support_geometry_mixed,580,0,0
42,closed_loop,R,RM,828,0.078502,0.0,0.0,0.305393,0.0,0.0,0.0,0.0,nan,nan,0.0,nan,0.143491,nan,-0.064181,nan,nan,0,0,1,support_geometry_mixed,65,0,0
42,closed_loop,R,RR,5766,0.11273,0.125911,0.013874,3.09033,4.004298,0.002877,0.000317,0.000317,0.977495,0.123077,0.013874,0.103506,0.128189,0.80745,-0.068902,-0.103076,-0.030824,0,1,1,RR_overlap_geometry_split,650,726,80
42,divergent_warmup_replay,ALL,ALL,53820,0.079599,0.047157,0.004143,19.339094,13.265068,0.006112,0.0011,0.0011,1.103843,0.087864,0.004143,0.106788,0.10919,0.978006,0.009838,-0.010167,-0.001908,0,0,0,h_not_upstream_of_9C_support,4284,2538,223
42,divergent_warmup_replay,ALL,LL,11808,0.061484,0.043191,0.002541,2.686787,2.31121,0.00044,0.000162,0.000162,0.956733,0.058824,0.002541,0.138383,0.11116,1.244905,0.034437,0.014095,0.017017,1,0,0,LL_topology_support_special_case,726,510,30
42,divergent_warmup_replay,ALL,LM,1824,0.072368,0.0,0.0,0.406962,0.0,0.0,0.0,0.0,nan,nan,0.0,nan,0.108586,nan,0.083613,nan,nan,0,0,0,support_geometry_mixed,132,0,0
42,divergent_warmup_replay,ALL,LR,11352,0.073643,0.065011,0.006871,3.713553,3.920838,0.001624,0.000283,0.000283,1.435173,0.105691,0.006871,0.131428,0.112995,1.163131,0.088057,0.010887,0.018053,0,0,0,h_not_upstream_of_9C_support,836,738,78
42,divergent_warmup_replay,ALL,ML,2100,0.0,0.037143,0.0,0.0,0.536963,0.0,0.0,0.0,nan,nan,0.0,nan,0.114155,nan,nan,0.066388,nan,0,0,0,support_geometry_mixed,0,78,0
42,divergent_warmup_replay,ALL,MM,228,0.0,0.0,0.0,0.0,0.0,0.0,0.0,0.0,nan,nan,0.0,nan,0.102325,nan,nan,nan,nan,0,0,0,support_geometry_mixed,0,0,0
42,divergent_warmup_replay,ALL,MR,2064,0.0,0.061047,0.0,0.0,0.62967,0.0,0.0,0.0,nan,nan,0.0,nan,0.1059,nan,nan,-0.042119,nan,0,0,0,support_geometry_mixed,0,126,0
42,divergent_warmup_replay,ALL,RL,11256,0.103056,0.031983,0.003109,5.54353,1.862089,0.001171,0.000338,0.000338,0.943391,0.097222,0.003109,0.058287,0.110977,0.525216,0.009885,-0.016915,-0.036369,0,0,0,h_not_upstream_of_9C_support,1160,360,35
42,divergent_warmup_replay,ALL,RM,1656,0.078502,0.0,0.0,0.628486,0.0,0.0,0.0,0.0,nan,nan,0.0,nan,0.113032,nan,-0.036178,nan,nan,0,0,0,support_geometry_mixed,130,0,0
42,divergent_warmup_replay,ALL,RR,11532,0.11273,0.062955,0.006937,6.359776,4.004298,0.002877,0.000317,0.000317,0.977495,0.110193,0.006937,0.092136,0.101027,0.911993,-0.043089,-0.048276,-0.00958,0,1,0,RR_phi_limited_seed_split,1300,726,80
42,divergent_warmup_replay,L,L,5904,0.055894,0.086382,0.005081,1.301228,2.31121,0.00044,0.000162,0.000162,1.052406,0.090909,0.005081,0.138383,0.099207,1.394887,0.027612,0.063593,0.036801,0,0,0,h_not_upstream_of_9C_support,330,510,30
42,divergent_warmup_replay,L,L,912,0.065789,0.0,0.0,0.197094,0.0,0.0,0.0,0.0,nan,nan,0.0,nan,0.097085,nan,0.071157,nan,nan,0,0,0,support_geometry_mixed,60,0,0
42,divergent_warmup_replay,L,L,5676,0.066949,0.0,0.0,1.798497,0.0,0.0,0.0,0.0,nan,nan,0.0,nan,0.1011,nan,0.074892,nan,nan,0,0,0,support_geometry_mixed,380,0,0
42,divergent_warmup_replay,L,LL,5904,0.055894,0.086382,0.005081,1.301228,2.31121,0.00044,0.000162,0.000162,1.052406,0.090909,0.005081,0.138383,0.099207,1.394887,0.027612,0.063593,0.036801,1,0,0,LL_topology_support_special_case,330,510,30
42,divergent_warmup_replay,L,LM,912,0.065789,0.0,0.0,0.197094,0.0,0.0,0.0,0.0,nan,nan,0.0,nan,0.097085,nan,0.071157,nan,nan,0,0,0,support_geometry_mixed,60,0,0
42,divergent_warmup_replay,L,LR,5676,0.066949,0.0,0.0,1.798497,0.0,0.0,0.0,0.0,nan,nan,0.0,nan,0.1011,nan,0.074892,nan,nan,0,0,0,support_geometry_mixed,380,0,0
42,divergent_warmup_replay,L,M,1050,0.0,0.074286,0.0,0.0,0.536963,0.0,0.0,0.0,nan,nan,0.0,nan,0.102067,nan,nan,0.141238,nan,0,0,0,support_geometry_mixed,0,78,0
42,divergent_warmup_replay,L,M,114,0.0,0.0,0.0,0.0,0.0,0.0,0.0,0.0,nan,nan,0.0,nan,0.091798,nan,nan,nan,nan,0,0,0,support_geometry_mixed,0,0,0
42,divergent_warmup_replay,L,M,1032,0.0,0.0,0.0,0.0,0.0,0.0,0.0,0.0,nan,nan,0.0,nan,0.094752,nan,nan,nan,nan,0,0,0,support_geometry_mixed,0,0,0
42,divergent_warmup_replay,L,ML,1050,0.0,0.074286,0.0,0.0,0.536963,0.0,0.0,0.0,nan,nan,0.0,nan,0.102067,nan,nan,0.141238,nan,0,0,0,support_geometry_mixed,0,78,0
42,divergent_warmup_replay,L,MM,114,0.0,0.0,0.0,0.0,0.0,0.0,0.0,0.0,nan,nan,0.0,nan,0.091798,nan,nan,nan,nan,0,0,0,support_geometry_mixed,0,0,0
42,divergent_warmup_replay,L,MR,1032,0.0,0.0,0.0,0.0,0.0,0.0,0.0,0.0,nan,nan,0.0,nan,0.094752,nan,nan,nan,nan,0,0,0,support_geometry_mixed,0,0,0
42,divergent_warmup_replay,L,R,5628,0.103056,0.063966,0.006219,2.849828,1.862089,0.001171,0.000338,0.000338,0.943391,0.097222,0.006219,0.058287,0.099293,0.587016,0.030148,0.009914,-0.042541,0,0,0,h_not_upstream_of_9C_support,580,360,35
42,divergent_warmup_replay,L,R,828,0.078502,0.0,0.0,0.323093,0.0,0.0,0.0,0.0,nan,nan,0.0,nan,0.101171,nan,-0.018626,nan,nan,0,0,0,support_geometry_mixed,65,0,0
42,divergent_warmup_replay,L,R,5766,0.11273,0.0,0.0,3.269446,0.0,0.0,0.0,0.0,nan,nan,0.0,nan,0.090428,nan,-0.022646,nan,nan,0,0,0,support_geometry_mixed,650,0,0
42,divergent_warmup_replay,L,RL,5628,0.103056,0.063966,0.006219,2.849828,1.862089,0.001171,0.000338,0.000338,0.943391,0.097222,0.006219,0.058287,0.099293,0.587016,0.030148,0.009914,-0.042541,0,0,0,h_not_upstream_of_9C_support,580,360,35
42,divergent_warmup_replay,L,RM,828,0.078502,0.0,0.0,0.323093,0.0,0.0,0.0,0.0,nan,nan,0.0,nan,0.101171,nan,-0.018626,nan,nan,0,0,0,support_geometry_mixed,65,0,0
42,divergent_warmup_replay,L,RR,5766,0.11273,0.0,0.0,3.269446,0.0,0.0,0.0,0.0,nan,nan,0.0,nan,0.090428,nan,-0.022646,nan,nan,0,1,0,support_geometry_mixed,650,0,0
42,divergent_warmup_replay,R,L,5904,0.067073,0.0,0.0,1.385559,0.0,0.0,0.0,0.0,nan,nan,0.0,nan,0.123051,nan,0.040398,nan,nan,0,0,1,support_geometry_mixed,396,0,0
42,divergent_warmup_replay,R,L,912,0.078947,0.0,0.0,0.209868,0.0,0.0,0.0,0.0,nan,nan,0.0,nan,0.120087,nan,0.096478,nan,nan,0,0,1,support_geometry_mixed,72,0,0
42,divergent_warmup_replay,R,L,5676,0.080338,0.130021,0.013742,1.915056,3.920838,0.001624,0.000283,0.000283,1.315576,0.171053,0.013742,0.131428,0.125056,1.050958,0.101636,-0.025362,0.008465,0,0,1,h_not_upstream_of_9C_support,456,738,78
42,divergent_warmup_replay,R,LL,5904,0.067073,0.0,0.0,1.385559,0.0,0.0,0.0,0.0,nan,nan,0.0,nan,0.123051,nan,0.040398,nan,nan,1,0,1,support_geometry_mixed,396,0,0
42,divergent_warmup_replay,R,LM,912,0.078947,0.0,0.0,0.209868,0.0,0.0,0.0,0.0,nan,nan,0.0,nan,0.120087,nan,0.096478,nan,nan,0,0,1,support_geometry_mixed,72,0,0
42,divergent_warmup_replay,R,LR,5676,0.080338,0.130021,0.013742,1.915056,3.920838,0.001624,0.000283,0.000283,1.315576,0.171053,0.013742,0.131428,0.125056,1.050958,0.101636,-0.025362,0.008465,0,0,1,h_not_upstream_of_9C_support,456,738,78
42,divergent_warmup_replay,R,M,1050,0.0,0.0,0.0,0.0,0.0,0.0,0.0,0.0,nan,nan,0.0,nan,0.126242,nan,nan,nan,nan,0,0,1,support_geometry_mixed,0,0,0
42,divergent_warmup_replay,R,M,114,0.0,0.0,0.0,0.0,0.0,0.0,0.0,0.0,nan,nan,0.0,nan,0.112852,nan,nan,nan,nan,0,0,1,support_geometry_mixed,0,0,0
42,divergent_warmup_replay,R,M,1032,0.0,0.122093,0.0,0.0,0.62967,0.0,0.0,0.0,nan,nan,0.0,nan,0.117047,nan,nan,-0.098817,nan,0,0,1,support_geometry_mixed,0,126,0
42,divergent_warmup_replay,R,ML,1050,0.0,0.0,0.0,0.0,0.0,0.0,0.0,0.0,nan,nan,0.0,nan,0.126242,nan,nan,nan,nan,0,0,1,support_geometry_mixed,0,0,0
42,divergent_warmup_replay,R,MM,114,0.0,0.0,0.0,0.0,0.0,0.0,0.0,0.0,nan,nan,0.0,nan,0.112852,nan,nan,nan,nan,0,0,1,support_geometry_mixed,0,0,0
42,divergent_warmup_replay,R,MR,1032,0.0,0.122093,0.0,0.0,0.62967,0.0,0.0,0.0,nan,nan,0.0,nan,0.117047,nan,nan,-0.098817,nan,0,0,1,support_geometry_mixed,0,126,0
42,divergent_warmup_replay,R,R,5628,0.103056,0.0,0.0,2.693701,0.0,0.0,0.0,0.0,nan,nan,0.0,nan,0.122588,nan,-0.008594,nan,nan,0,0,1,support_geometry_mixed,580,0,0
42,divergent_warmup_replay,R,R,828,0.078502,0.0,0.0,0.305393,0.0,0.0,0.0,0.0,nan,nan,0.0,nan,0.124893,nan,-0.053632,nan,nan,0,0,1,support_geometry_mixed,65,0,0
42,divergent_warmup_replay,R,R,5766,0.11273,0.125911,0.013874,3.09033,4.004298,0.002877,0.000317,0.000317,0.977495,0.123077,0.013874,0.092136,0.111774,0.8243,-0.063351,-0.104953,-0.028608,0,0,1,h_not_upstream_of_9C_support,650,726,80
42,divergent_warmup_replay,R,RL,5628,0.103056,0.0,0.0,2.693701,0.0,0.0,0.0,0.0,nan,nan,0.0,nan,0.122588,nan,-0.008594,nan,nan,0,0,1,support_geometry_mixed,580,0,0
42,divergent_warmup_replay,R,RM,828,0.078502,0.0,0.0,0.305393,0.0,0.0,0.0,0.0,nan,nan,0.0,nan,0.124893,nan,-0.053632,nan,nan,0,0,1,support_geometry_mixed,65,0,0
42,divergent_warmup_replay,R,RR,5766,0.11273,0.125911,0.013874,3.09033,4.004298,0.002877,0.000317,0.000317,0.977495,0.123077,0.013874,0.092136,0.111774,0.8243,-0.063351,-0.104953,-0.028608,0,1,1,RR_overlap_geometry_split,650,726,80
42,exact_replay,ALL,ALL,53820,0.079599,0.047157,0.004143,19.339094,13.265068,0.006112,0.0011,0.0011,1.103843,0.087864,0.004143,0.121626,0.128135,0.949199,0.00404,-0.011105,-0.00447,0,0,0,h_not_upstream_of_9C_support,4284,2538,223
42,exact_replay,ALL,LL,11808,0.061484,0.043191,0.002541,2.686787,2.31121,0.00044,0.000162,0.000162,0.956733,0.058824,0.002541,0.163946,0.130853,1.252909,0.035342,0.021465,0.017924,1,0,0,LL_topology_support_special_case,726,510,30
42,exact_replay,ALL,LM,1824,0.072368,0.0,0.0,0.406962,0.0,0.0,0.0,0.0,nan,nan,0.0,nan,0.126821,nan,0.091346,nan,nan,0,0,0,support_geometry_mixed,132,0,0
42,exact_replay,ALL,LR,11352,0.073643,0.065011,0.006871,3.713553,3.920838,0.001624,0.000283,0.000283,1.435173,0.105691,0.006871,0.150021,0.132804,1.129644,0.088667,0.006626,0.014564,0,0,0,h_not_upstream_of_9C_support,836,738,78
42,exact_replay,ALL,ML,2100,0.0,0.037143,0.0,0.0,0.536963,0.0,0.0,0.0,nan,nan,0.0,nan,0.134232,nan,nan,0.072121,nan,0,0,0,support_geometry_mixed,0,78,0
42,exact_replay,ALL,MM,228,0.0,0.0,0.0,0.0,0.0,0.0,0.0,0.0,nan,nan,0.0,nan,0.116113,nan,nan,nan,nan,0,0,0,support_geometry_mixed,0,0,0
42,exact_replay,ALL,MR,2064,0.0,0.061047,0.0,0.0,0.62967,0.0,0.0,0.0,nan,nan,0.0,nan,0.122334,nan,nan,-0.049093,nan,0,0,0,support_geometry_mixed,0,126,0
42,exact_replay,ALL,RL,11256,0.103056,0.031983,0.003109,5.54353,1.862089,0.001171,0.000338,0.000338,0.943391,0.097222,0.003109,0.063485,0.130456,0.486641,-0.000858,-0.014959,-0.0401,0,0,0,h_not_upstream_of_9C_support,1160,360,35
42,exact_replay,ALL,RM,1656,0.078502,0.0,0.0,0.628486,0.0,0.0,0.0,0.0,nan,nan,0.0,nan,0.132473,nan,-0.051158,nan,nan,0,0,0,support_geometry_mixed,130,0,0
42,exact_replay,ALL,RR,11532,0.11273,0.062955,0.006937,6.359776,4.004298,0.002877,0.000317,0.000317,0.977495,0.110193,0.006937,0.103506,0.118218,0.875553,-0.053448,-0.052794,-0.013626,0,1,0,RR_phi_limited_seed_split,1300,726,80
42,exact_replay,L,L,5904,0.055894,0.086382,0.005081,1.301228,2.31121,0.00044,0.000162,0.000162,1.052406,0.090909,0.005081,0.163946,0.119891,1.367459,0.029573,0.066028,0.035769,0,0,0,h_not_upstream_of_9C_support,330,510,30
42,exact_replay,L,L,912,0.065789,0.0,0.0,0.197094,0.0,0.0,0.0,0.0,nan,nan,0.0,nan,0.116334,nan,0.080179,nan,nan,0,0,0,support_geometry_mixed,60,0,0
42,exact_replay,L,L,5676,0.066949,0.0,0.0,1.798497,0.0,0.0,0.0,0.0,nan,nan,0.0,nan,0.121945,nan,0.077459,nan,nan,0,0,0,support_geometry_mixed,380,0,0
42,exact_replay,L,LL,5904,0.055894,0.086382,0.005081,1.301228,2.31121,0.00044,0.000162,0.000162,1.052406,0.090909,0.005081,0.163946,0.119891,1.367459,0.029573,0.066028,0.035769,1,0,0,LL_topology_support_special_case,330,510,30
42,exact_replay,L,LM,912,0.065789,0.0,0.0,0.197094,0.0,0.0,0.0,0.0,nan,nan,0.0,nan,0.116334,nan,0.080179,nan,nan,0,0,0,support_geometry_mixed,60,0,0
42,exact_replay,L,LR,5676,0.066949,0.0,0.0,1.798497,0.0,0.0,0.0,0.0,nan,nan,0.0,nan,0.121945,nan,0.077459,nan,nan,0,0,0,support_geometry_mixed,380,0,0
42,exact_replay,L,M,1050,0.0,0.074286,0.0,0.0,0.536963,0.0,0.0,0.0,nan,nan,0.0,nan,0.12308,nan,nan,0.141381,nan,0,0,0,support_geometry_mixed,0,78,0
42,exact_replay,L,M,114,0.0,0.0,0.0,0.0,0.0,0.0,0.0,0.0,nan,nan,0.0,nan,0.106686,nan,nan,nan,nan,0,0,0,support_geometry_mixed,0,0,0
42,exact_replay,L,M,1032,0.0,0.0,0.0,0.0,0.0,0.0,0.0,0.0,nan,nan,0.0,nan,0.112296,nan,nan,nan,nan,0,0,0,support_geometry_mixed,0,0,0
42,exact_replay,L,ML,1050,0.0,0.074286,0.0,0.0,0.536963,0.0,0.0,0.0,nan,nan,0.0,nan,0.12308,nan,nan,0.141381,nan,0,0,0,support_geometry_mixed,0,78,0
42,exact_replay,L,MM,114,0.0,0.0,0.0,0.0,0.0,0.0,0.0,0.0,nan,nan,0.0,nan,0.106686,nan,nan,nan,nan,0,0,0,support_geometry_mixed,0,0,0
42,exact_replay,L,MR,1032,0.0,0.0,0.0,0.0,0.0,0.0,0.0,0.0,nan,nan,0.0,nan,0.112296,nan,nan,nan,nan,0,0,0,support_geometry_mixed,0,0,0
42,exact_replay,L,R,5628,0.103056,0.063966,0.006219,2.849828,1.862089,0.001171,0.000338,0.000338,0.943391,0.097222,0.006219,0.063485,0.119823,0.529825,0.014508,0.005517,-0.050539,0,0,0,h_not_upstream_of_9C_support,580,360,35
42,exact_replay,L,R,828,0.078502,0.0,0.0,0.323093,0.0,0.0,0.0,0.0,nan,nan,0.0,nan,0.121456,nan,-0.038413,nan,nan,0,0,0,support_geometry_mixed,65,0,0
42,exact_replay,L,R,5766,0.11273,0.0,0.0,3.269446,0.0,0.0,0.0,0.0,nan,nan,0.0,nan,0.108385,nan,-0.038099,nan,nan,0,0,0,support_geometry_mixed,650,0,0
42,exact_replay,L,RL,5628,0.103056,0.063966,0.006219,2.849828,1.862089,0.001171,0.000338,0.000338,0.943391,0.097222,0.006219,0.063485,0.119823,0.529825,0.014508,0.005517,-0.050539,0,0,0,h_not_upstream_of_9C_support,580,360,35
42,exact_replay,L,RM,828,0.078502,0.0,0.0,0.323093,0.0,0.0,0.0,0.0,nan,nan,0.0,nan,0.121456,nan,-0.038413,nan,nan,0,0,0,support_geometry_mixed,65,0,0
42,exact_replay,L,RR,5766,0.11273,0.0,0.0,3.269446,0.0,0.0,0.0,0.0,nan,nan,0.0,nan,0.108385,nan,-0.038099,nan,nan,0,1,0,support_geometry_mixed,650,0,0
42,exact_replay,R,L,5904,0.067073,0.0,0.0,1.385559,0.0,0.0,0.0,0.0,nan,nan,0.0,nan,0.141758,nan,0.040374,nan,nan,0,0,1,support_geometry_mixed,396,0,0
42,exact_replay,R,L,912,0.078947,0.0,0.0,0.209868,0.0,0.0,0.0,0.0,nan,nan,0.0,nan,0.137308,nan,0.102858,nan,nan,0,0,1,support_geometry_mixed,72,0,0
42,exact_replay,R,L,5676,0.080338,0.130021,0.013742,1.915056,3.920838,0.001624,0.000283,0.000283,1.315576,0.171053,0.013742,0.150021,0.143815,1.043158,0.100062,-0.022632,0.007091,0,0,1,h_not_upstream_of_9C_support,456,738,78
42,exact_replay,R,LL,5904,0.067073,0.0,0.0,1.385559,0.0,0.0,0.0,0.0,nan,nan,0.0,nan,0.141758,nan,0.040374,nan,nan,1,0,1,support_geometry_mixed,396,0,0
42,exact_replay,R,LM,912,0.078947,0.0,0.0,0.209868,0.0,0.0,0.0,0.0,nan,nan,0.0,nan,0.137308,nan,0.102858,nan,nan,0,0,1,support_geometry_mixed,72,0,0
42,exact_replay,R,LR,5676,0.080338,0.130021,0.013742,1.915056,3.920838,0.001624,0.000283,0.000283,1.315576,0.171053,0.013742,0.150021,0.143815,1.043158,0.100062,-0.022632,0.007091,0,0,1,h_not_upstream_of_9C_support,456,738,78
42,exact_replay,R,M,1050,0.0,0.0,0.0,0.0,0.0,0.0,0.0,0.0,nan,nan,0.0,nan,0.145383,nan,nan,nan,nan,0,0,1,support_geometry_mixed,0,0,0
42,exact_replay,R,M,114,0.0,0.0,0.0,0.0,0.0,0.0,0.0,0.0,nan,nan,0.0,nan,0.125539,nan,nan,nan,nan,0,0,1,support_geometry_mixed,0,0,0
42,exact_replay,R,M,1032,0.0,0.122093,0.0,0.0,0.62967,0.0,0.0,0.0,nan,nan,0.0,nan,0.132372,nan,nan,-0.099231,nan,0,0,1,support_geometry_mixed,0,126,0
42,exact_replay,R,ML,1050,0.0,0.0,0.0,0.0,0.0,0.0,0.0,0.0,nan,nan,0.0,nan,0.145383,nan,nan,nan,nan,0,0,1,support_geometry_mixed,0,0,0
42,exact_replay,R,MM,114,0.0,0.0,0.0,0.0,0.0,0.0,0.0,0.0,nan,nan,0.0,nan,0.125539,nan,nan,nan,nan,0,0,1,support_geometry_mixed,0,0,0
42,exact_replay,R,MR,1032,0.0,0.122093,0.0,0.0,0.62967,0.0,0.0,0.0,nan,nan,0.0,nan,0.132372,nan,nan,-0.099231,nan,0,0,1,support_geometry_mixed,0,126,0
42,exact_replay,R,R,5628,0.103056,0.0,0.0,2.693701,0.0,0.0,0.0,0.0,nan,nan,0.0,nan,0.141023,nan,-0.015066,nan,nan,0,0,1,support_geometry_mixed,580,0,0
42,exact_replay,R,R,828,0.078502,0.0,0.0,0.305393,0.0,0.0,0.0,0.0,nan,nan,0.0,nan,0.143491,nan,-0.064181,nan,nan,0,0,1,support_geometry_mixed,65,0,0
42,exact_replay,R,R,5766,0.11273,0.125911,0.013874,3.09033,4.004298,0.002877,0.000317,0.000317,0.977495,0.123077,0.013874,0.103506,0.128189,0.80745,-0.068902,-0.103076,-0.030824,0,0,1,h_not_upstream_of_9C_support,650,726,80
42,exact_replay,R,RL,5628,0.103056,0.0,0.0,2.693701,0.0,0.0,0.0,0.0,nan,nan,0.0,nan,0.141023,nan,-0.015066,nan,nan,0,0,1,support_geometry_mixed,580,0,0
42,exact_replay,R,RM,828,0.078502,0.0,0.0,0.305393,0.0,0.0,0.0,0.0,nan,nan,0.0,nan,0.143491,nan,-0.064181,nan,nan,0,0,1,support_geometry_mixed,65,0,0
42,exact_replay,R,RR,5766,0.11273,0.125911,0.013874,3.09033,4.004298,0.002877,0.000317,0.000317,0.977495,0.123077,0.013874,0.103506,0.128189,0.80745,-0.068902,-0.103076,-0.030824,0,1,1,RR_overlap_geometry_split,650,726,80
77,closed_loop,ALL,ALL,62790,0.111308,0.05985,0.007852,30.93939,17.295009,0.01077,0.0013,0.0013,1.178598,0.131187,0.007852,0.109364,0.1085,1.007959,0.033841,-0.011771,0.000981,0,0,0,h_not_upstream_of_9C_support,6989,3758,493
77,closed_loop,ALL,LL,12488,0.087444,0.074231,0.005125,5.462401,3.9024,0.00181,0.00028,0.00028,0.789533,0.06904,0.005125,0.132963,0.099009,1.342938,0.114823,0.024106,0.032695,1,0,0,h_not_upstream_of_9C_support,1092,927,64
77,closed_loop,ALL,LM,2926,0.06972,0.012303,0.0,0.866674,0.07052,0.0,0.0,0.0,0.0,0.0,0.0,nan,0.099248,nan,0.076411,-0.003026,nan,0,0,0,h_not_upstream_of_9C_support,204,36,0
77,closed_loop,ALL,LR,12516,0.087248,0.058725,0.005753,5.807254,3.596651,0.001785,0.000173,0.000173,1.122763,0.097959,0.005753,0.098495,0.106058,0.928695,0.084788,-0.092889,-0.007485,0,0,0,h_not_upstream_of_9C_support,1092,735,72
77,closed_loop,ALL,ML,2828,0.02546,0.054102,0.0,0.171911,0.615928,0.0,0.0,0.0,0.0,0.0,0.0,nan,0.104598,nan,-0.039811,0.061116,nan,0,0,0,h_not_upstream_of_9C_support,72,153,0
77,closed_loop,ALL,MM,826,0.029056,0.010896,0.0,0.057304,0.01763,0.0,0.0,0.0,0.0,0.0,0.0,nan,0.094097,nan,0.043027,-0.03863,nan,0,0,0,h_not_upstream_of_9C_support,24,9,0
77,closed_loop,ALL,MR,3206,0.022458,0.059264,0.003743,0.171911,1.091975,0.000117,1.1e-05,1.1e-05,2.812281,0.166667,0.003743,0.055097,0.105101,0.524231,0.01677,-0.104356,-0.038484,0,0,0,h_not_upstream_of_9C_support,72,190,12
77,closed_loop,ALL,RL,12250,0.168735,0.074939,0.019102,8.393785,4.427098,0.0045,0.000601,0.000601,1.510667,0.254902,0.019102,0.117744,0.112273,1.048722,-0.028333,0.083294,0.009651,0,0,0,h_not_upstream_of_9C_support,2067,918,234
77,closed_loop,ALL,RM,2968,0.183962,0.030323,0.009097,1.936923,0.176299,0.000143,1.9e-05,1.9e-05,1.630769,0.3,0.009097,0.087634,0.109477,0.80048,-0.134244,-0.013744,-0.02614,0,0,0,h_not_upstream_of_9C_support,546,90,27
77,closed_loop,ALL,RR,12782,0.142388,0.054765,0.006572,8.071227,3.396508,0.002415,0.000216,0.000216,0.842769,0.12,0.006572,0.092094,0.121178,0.759992,-0.027841,-0.082072,-0.029889,0,1,0,RR_phi_limited_seed_split,1820,700,84
77,closed_loop,L,L,8028,0.090683,0.115471,0.007972,3.958151,3.9024,0.00181,0.00028,0.00028,0.761336,0.087912,0.007972,0.132963,0.113498,1.171503,0.108693,-0.020065,0.021559,0,0,0,h_not_upstream_of_9C_support,728,927,64
77,closed_loop,L,L,1881,0.072302,0.019139,0.0,0.628007,0.07052,0.0,0.0,0.0,0.0,0.0,0.0,nan,0.113729,nan,0.070362,-0.026946,nan,0,0,0,h_not_upstream_of_9C_support,136,36,0
77,closed_loop,L,L,8046,0.09048,0.0,0.0,4.208038,0.0,0.0,0.0,0.0,nan,nan,0.0,nan,0.121408,nan,0.077447,nan,nan,0,0,0,support_geometry_mixed,728,0,0
77,closed_loop,L,LL,8028,0.090683,0.115471,0.007972,3.958151,3.9024,0.00181,0.00028,0.00028,0.761336,0.087912,0.007972,0.132963,0.113498,1.171503,0.108693,-0.020065,0.021559,1,0,0,h_not_upstream_of_9C_support,728,927,64
77,closed_loop,L,LM,1881,0.072302,0.019139,0.0,0.628007,0.07052,0.0,0.0,0.0,0.0,0.0,0.0,nan,0.113729,nan,0.070362,-0.026946,nan,0,0,0,h_not_upstream_of_9C_support,136,36,0
77,closed_loop,L,LR,8046,0.09048,0.0,0.0,4.208038,0.0,0.0,0.0,0.0,nan,nan,0.0,nan,0.121408,nan,0.077447,nan,nan,0,0,0,support_geometry_mixed,728,0,0
77,closed_loop,L,M,1818,0.026403,0.084158,0.0,0.12457,0.615928,0.0,0.0,0.0,0.0,0.0,0.0,nan,0.119918,nan,-0.046988,0.03494,nan,0,0,0,h_not_upstream_of_9C_support,48,153,0
77,closed_loop,L,M,531,0.030132,0.016949,0.0,0.041523,0.01763,0.0,0.0,0.0,0.0,0.0,0.0,nan,0.107677,nan,0.038516,-0.065459,nan,0,0,0,h_not_upstream_of_9C_support,16,9,0
77,closed_loop,L,M,2061,0.02329,0.0,0.0,0.12457,0.0,0.0,0.0,0.0,nan,nan,0.0,nan,0.120103,nan,0.011422,nan,nan,0,0,0,support_geometry_mixed,48,0,0
77,closed_loop,L,ML,1818,0.026403,0.084158,0.0,0.12457,0.615928,0.0,0.0,0.0,0.0,0.0,0.0,nan,0.119918,nan,-0.046988,0.03494,nan,0,0,0,h_not_upstream_of_9C_support,48,153,0
77,closed_loop,L,MM,531,0.030132,0.016949,0.0,0.041523,0.01763,0.0,0.0,0.0,0.0,0.0,0.0,nan,0.107677,nan,0.038516,-0.065459,nan,0,0,0,h_not_upstream_of_9C_support,16,9,0
77,closed_loop,L,MR,2061,0.02329,0.0,0.0,0.12457,0.0,0.0,0.0,0.0,nan,nan,0.0,nan,0.120103,nan,0.011422,nan,nan,0,0,0,support_geometry_mixed,48,0,0
77,closed_loop,L,R,7875,0.181714,0.116571,0.029714,5.495115,4.427098,0.0045,0.000601,0.000601,1.402762,0.254902,0.029714,0.117744,0.129046,0.912413,-0.064634,0.046653,-0.023048,0,0,0,h_not_upstream_of_9C_support,1431,918,234
77,closed_loop,L,R,1908,0.198113,0.04717,0.014151,1.268035,0.176299,0.000143,1.9e-05,1.9e-05,1.514286,0.3,0.014151,0.087634,0.125631,0.697549,-0.170056,-0.057147,-0.05244,0,0,0,h_not_upstream_of_9C_support,378,90,27
77,closed_loop,L,R,8217,0.153341,0.0,0.0,5.283948,0.0,0.0,0.0,0.0,nan,nan,0.0,nan,0.138529,nan,-0.064672,nan,nan,0,0,0,support_geometry_mixed,1260,0,0
77,closed_loop,L,RL,7875,0.181714,0.116571,0.029714,5.495115,4.427098,0.0045,0.000601,0.000601,1.402762,0.254902,0.029714,0.117744,0.129046,0.912413,-0.064634,0.046653,-0.023048,0,0,0,h_not_upstream_of_9C_support,1431,918,234
77,closed_loop,L,RM,1908,0.198113,0.04717,0.014151,1.268035,0.176299,0.000143,1.9e-05,1.9e-05,1.514286,0.3,0.014151,0.087634,0.125631,0.697549,-0.170056,-0.057147,-0.05244,0,0,0,h_not_upstream_of_9C_support,378,90,27
77,closed_loop,L,RR,8217,0.153341,0.0,0.0,5.283948,0.0,0.0,0.0,0.0,nan,nan,0.0,nan,0.138529,nan,-0.064672,nan,nan,0,1,0,support_geometry_mixed,1260,0,0
77,closed_loop,R,L,4460,0.081614,0.0,0.0,1.50425,0.0,0.0,0.0,0.0,nan,nan,0.0,nan,0.073137,nan,0.116103,nan,nan,0,0,1,support_geometry_mixed,364,0,0
77,closed_loop,R,L,1045,0.065072,0.0,0.0,0.238667,0.0,0.0,0.0,0.0,nan,nan,0.0,nan,0.073181,nan,0.077121,nan,nan,0,0,1,support_geometry_mixed,68,0,0
77,closed_loop,R,L,4470,0.081432,0.16443,0.016107,1.599216,3.596651,0.001785,0.000173,0.000173,1.20296,0.197802,0.016107,0.098495,0.077976,1.263155,0.083491,-0.044159,0.04766,0,0,1,h_not_upstream_of_9C_support,364,735,72
77,closed_loop,R,LL,4460,0.081614,0.0,0.0,1.50425,0.0,0.0,0.0,0.0,nan,nan,0.0,nan,0.073137,nan,0.116103,nan,nan,1,0,1,support_geometry_mixed,364,0,0
77,closed_loop,R,LM,1045,0.065072,0.0,0.0,0.238667,0.0,0.0,0.0,0.0,nan,nan,0.0,nan,0.073181,nan,0.077121,nan,nan,0,0,1,support_geometry_mixed,68,0,0
77,closed_loop,R,LR,4470,0.081432,0.16443,0.016107,1.599216,3.596651,0.001785,0.000173,0.000173,1.20296,0.197802,0.016107,0.098495,0.077976,1.263155,0.083491,-0.044159,0.04766,0,0,1,h_not_upstream_of_9C_support,364,735,72
77,closed_loop,R,M,1010,0.023762,0.0,0.0,0.047341,0.0,0.0,0.0,0.0,nan,nan,0.0,nan,0.077021,nan,-0.050455,nan,nan,0,0,1,support_geometry_mixed,24,0,0
77,closed_loop,R,M,295,0.027119,0.0,0.0,0.01578,0.0,0.0,0.0,0.0,nan,nan,0.0,nan,0.069652,nan,0.03524,nan,nan,0,0,1,support_geometry_mixed,8,0,0
77,closed_loop,R,M,1145,0.020961,0.165939,0.01048,0.047341,1.091975,0.000117,1.1e-05,1.1e-05,3.013158,0.5,0.01048,0.055097,0.077812,0.708082,0.010187,-0.071814,-0.041109,0,0,1,h_not_upstream_of_9C_support,24,190,12
77,closed_loop,R,ML,1010,0.023762,0.0,0.0,0.047341,0.0,0.0,0.0,0.0,nan,nan,0.0,nan,0.077021,nan,-0.050455,nan,nan,0,0,1,support_geometry_mixed,24,0,0
77,closed_loop,R,MM,295,0.027119,0.0,0.0,0.01578,0.0,0.0,0.0,0.0,nan,nan,0.0,nan,0.069652,nan,0.03524,nan,nan,0,0,1,support_geometry_mixed,8,0,0
77,closed_loop,R,MR,1145,0.020961,0.165939,0.01048,0.047341,1.091975,0.000117,1.1e-05,1.1e-05,3.013158,0.5,0.01048,0.055097,0.077812,0.708082,0.010187,-0.071814,-0.041109,0,0,1,h_not_upstream_of_9C_support,24,190,12
77,closed_loop,R,R,4375,0.145371,0.0,0.0,2.89867,0.0,0.0,0.0,0.0,nan,nan,0.0,nan,0.082979,nan,0.056014,nan,nan,0,0,1,support_geometry_mixed,636,0,0
77,closed_loop,R,R,1060,0.158491,0.0,0.0,0.668888,0.0,0.0,0.0,0.0,nan,nan,0.0,nan,0.08081,nan,-0.072146,nan,nan,0,0,1,support_geometry_mixed,168,0,0
77,closed_loop,R,R,4565,0.122673,0.153341,0.018401,2.78728,3.396508,0.002415,0.000216,0.000216,0.978214,0.15,0.018401,0.092094,0.08936,1.030593,0.056877,-0.007225,0.006585,0,0,1,h_not_upstream_of_9C_support,560,700,84
77,closed_loop,R,RL,4375,0.145371,0.0,0.0,2.89867,0.0,0.0,0.0,0.0,nan,nan,0.0,nan,0.082979,nan,0.056014,nan,nan,0,0,1,support_geometry_mixed,636,0,0
77,closed_loop,R,RM,1060,0.158491,0.0,0.0,0.668888,0.0,0.0,0.0,0.0,nan,nan,0.0,nan,0.08081,nan,-0.072146,nan,nan,0,0,1,support_geometry_mixed,168,0,0
77,closed_loop,R,RR,4565,0.122673,0.153341,0.018401,2.78728,3.396508,0.002415,0.000216,0.000216,0.978214,0.15,0.018401,0.092094,0.08936,1.030593,0.056877,-0.007225,0.006585,0,1,1,RR_overlap_geometry_split,560,700,84
77,divergent_warmup_replay,ALL,ALL,62790,0.111308,0.05985,0.007852,30.93939,17.295009,0.01077,0.0013,0.0013,1.178598,0.131187,0.007852,0.118004,0.118514,0.995698,0.02641,-0.013594,-0.000532,0,0,0,h_not_upstream_of_9C_support,6989,3758,493
77,divergent_warmup_replay,ALL,LL,12488,0.087444,0.074231,0.005125,5.462401,3.9024,0.00181,0.00028,0.00028,0.789533,0.06904,0.005125,0.138052,0.10619,1.30004,0.11168,0.017133,0.028351,1,0,0,h_not_upstream_of_9C_support,1092,927,64
77,divergent_warmup_replay,ALL,LM,2926,0.06972,0.012303,0.0,0.866674,0.07052,0.0,0.0,0.0,0.0,0.0,0.0,nan,0.107416,nan,0.073472,-0.009037,nan,0,0,0,h_not_upstream_of_9C_support,204,36,0
77,divergent_warmup_replay,ALL,LR,12516,0.087248,0.058725,0.005753,5.807254,3.596651,0.001785,0.000173,0.000173,1.122763,0.097959,0.005753,0.110503,0.115663,0.955387,0.07274,-0.08843,-0.004683,0,0,0,h_not_upstream_of_9C_support,1092,735,72
77,divergent_warmup_replay,ALL,ML,2828,0.02546,0.054102,0.0,0.171911,0.615928,0.0,0.0,0.0,0.0,0.0,0.0,nan,0.113727,nan,-0.046585,0.053317,nan,0,0,0,h_not_upstream_of_9C_support,72,153,0
77,divergent_warmup_replay,ALL,MM,826,0.029056,0.010896,0.0,0.057304,0.01763,0.0,0.0,0.0,0.0,0.0,0.0,nan,0.102438,nan,0.031344,-0.051723,nan,0,0,0,h_not_upstream_of_9C_support,24,9,0
77,divergent_warmup_replay,ALL,MR,3206,0.022458,0.059264,0.003743,0.171911,1.091975,0.000117,1.1e-05,1.1e-05,2.812281,0.166667,0.003743,0.064327,0.116069,0.554212,0.014039,-0.102501,-0.036376,0,0,0,h_not_upstream_of_9C_support,72,190,12
77,divergent_warmup_replay,ALL,RL,12250,0.168735,0.074939,0.019102,8.393785,4.427098,0.0045,0.000601,0.000601,1.510667,0.254902,0.019102,0.126158,0.122678,1.028372,-0.038452,0.074084,0.005663,0,0,0,h_not_upstream_of_9C_support,2067,918,234
77,divergent_warmup_replay,ALL,RM,2968,0.183962,0.030323,0.009097,1.936923,0.176299,0.000143,1.9e-05,1.9e-05,1.630769,0.3,0.009097,0.086925,0.121097,0.717811,-0.141266,-0.031262,-0.037238,0,0,0,h_not_upstream_of_9C_support,546,90,27
77,divergent_warmup_replay,ALL,RR,12782,0.142388,0.054765,0.006572,8.071227,3.396508,0.002415,0.000216,0.000216,0.842769,0.12,0.006572,0.104102,0.134112,0.776236,-0.036762,-0.07382,-0.028445,0,1,0,RR_phi_limited_seed_split,1820,700,84
77,divergent_warmup_replay,L,L,8028,0.090683,0.115471,0.007972,3.958151,3.9024,0.00181,0.00028,0.00028,0.761336,0.087912,0.007972,0.138052,0.119723,1.153095,0.105689,-0.021677,0.018823,0,0,0,h_not_upstream_of_9C_support,728,927,64
77,divergent_warmup_replay,L,L,1881,0.072302,0.019139,0.0,0.628007,0.07052,0.0,0.0,0.0,0.0,0.0,0.0,nan,0.121031,nan,0.067893,-0.030666,nan,0,0,0,h_not_upstream_of_9C_support,136,36,0
77,divergent_warmup_replay,L,L,8046,0.09048,0.0,0.0,4.208038,0.0,0.0,0.0,0.0,nan,nan,0.0,nan,0.130278,nan,0.06646,nan,nan,0,0,0,support_geometry_mixed,728,0,0
77,divergent_warmup_replay,L,LL,8028,0.090683,0.115471,0.007972,3.958151,3.9024,0.00181,0.00028,0.00028,0.761336,0.087912,0.007972,0.138052,0.119723,1.153095,0.105689,-0.021677,0.018823,1,0,0,h_not_upstream_of_9C_support,728,927,64
77,divergent_warmup_replay,L,LM,1881,0.072302,0.019139,0.0,0.628007,0.07052,0.0,0.0,0.0,0.0,0.0,0.0,nan,0.121031,nan,0.067893,-0.030666,nan,0,0,0,h_not_upstream_of_9C_support,136,36,0
77,divergent_warmup_replay,L,LR,8046,0.09048,0.0,0.0,4.208038,0.0,0.0,0.0,0.0,nan,nan,0.0,nan,0.130278,nan,0.06646,nan,nan,0,0,0,support_geometry_mixed,728,0,0
77,divergent_warmup_replay,L,M,1818,0.026403,0.084158,0.0,0.12457,0.615928,0.0,0.0,0.0,0.0,0.0,0.0,nan,0.128125,nan,-0.052922,0.03101,nan,0,0,0,h_not_upstream_of_9C_support,48,153,0
77,divergent_warmup_replay,L,M,531,0.030132,0.016949,0.0,0.041523,0.01763,0.0,0.0,0.0,0.0,0.0,0.0,nan,0.115186,nan,0.02696,-0.0777,nan,0,0,0,h_not_upstream_of_9C_support,16,9,0
77,divergent_warmup_replay,L,M,2061,0.02329,0.0,0.0,0.12457,0.0,0.0,0.0,0.0,nan,nan,0.0,nan,0.130389,nan,0.009015,nan,nan,0,0,0,support_geometry_mixed,48,0,0
77,divergent_warmup_replay,L,ML,1818,0.026403,0.084158,0.0,0.12457,0.615928,0.0,0.0,0.0,0.0,0.0,0.0,nan,0.128125,nan,-0.052922,0.03101,nan,0,0,0,h_not_upstream_of_9C_support,48,153,0
77,divergent_warmup_replay,L,MM,531,0.030132,0.016949,0.0,0.041523,0.01763,0.0,0.0,0.0,0.0,0.0,0.0,nan,0.115186,nan,0.02696,-0.0777,nan,0,0,0,h_not_upstream_of_9C_support,16,9,0
77,divergent_warmup_replay,L,MR,2061,0.02329,0.0,0.0,0.12457,0.0,0.0,0.0,0.0,nan,nan,0.0,nan,0.130389,nan,0.009015,nan,nan,0,0,0,support_geometry_mixed,48,0,0
77,divergent_warmup_replay,L,R,7875,0.181714,0.116571,0.029714,5.495115,4.427098,0.0045,0.000601,0.000601,1.402762,0.254902,0.029714,0.126158,0.138594,0.910271,-0.07051,0.042371,-0.023433,0,0,0,h_not_upstream_of_9C_support,1431,918,234
77,divergent_warmup_replay,L,R,1908,0.198113,0.04717,0.014151,1.268035,0.176299,0.000143,1.9e-05,1.9e-05,1.514286,0.3,0.014151,0.086925,0.136626,0.636226,-0.171586,-0.072518,-0.062651,0,0,0,h_not_upstream_of_9C_support,378,90,27
77,divergent_warmup_replay,L,R,8217,0.153341,0.0,0.0,5.283948,0.0,0.0,0.0,0.0,nan,nan,0.0,nan,0.150742,nan,-0.068987,nan,nan,0,0,0,support_geometry_mixed,1260,0,0
77,divergent_warmup_replay,L,RL,7875,0.181714,0.116571,0.029714,5.495115,4.427098,0.0045,0.000601,0.000601,1.402762,0.254902,0.029714,0.126158,0.138594,0.910271,-0.07051,0.042371,-0.023433,0,0,0,h_not_upstream_of_9C_support,1431,918,234
77,divergent_warmup_replay,L,RM,1908,0.198113,0.04717,0.014151,1.268035,0.176299,0.000143,1.9e-05,1.9e-05,1.514286,0.3,0.014151,0.086925,0.136626,0.636226,-0.171586,-0.072518,-0.062651,0,0,0,h_not_upstream_of_9C_support,378,90,27
77,divergent_warmup_replay,L,RR,8217,0.153341,0.0,0.0,5.283948,0.0,0.0,0.0,0.0,nan,nan,0.0,nan,0.150742,nan,-0.068987,nan,nan,0,1,0,support_geometry_mixed,1260,0,0
77,divergent_warmup_replay,R,L,4460,0.081614,0.0,0.0,1.50425,0.0,0.0,0.0,0.0,nan,nan,0.0,nan,0.082026,nan,0.112681,nan,nan,0,0,1,support_geometry_mixed,364,0,0
77,divergent_warmup_replay,R,L,1045,0.065072,0.0,0.0,0.238667,0.0,0.0,0.0,0.0,nan,nan,0.0,nan,0.082908,nan,0.073799,nan,nan,0,0,1,support_geometry_mixed,68,0,0
77,divergent_warmup_replay,R,L,4470,0.081432,0.16443,0.016107,1.599216,3.596651,0.001785,0.000173,0.000173,1.20296,0.197802,0.016107,0.110503,0.088927,1.242627,0.06767,-0.053444,0.043303,0,0,1,h_not_upstream_of_9C_support,364,735,72
77,divergent_warmup_replay,R,LL,4460,0.081614,0.0,0.0,1.50425,0.0,0.0,0.0,0.0,nan,nan,0.0,nan,0.082026,nan,0.112681,nan,nan,1,0,1,support_geometry_mixed,364,0,0
77,divergent_warmup_replay,R,LM,1045,0.065072,0.0,0.0,0.238667,0.0,0.0,0.0,0.0,nan,nan,0.0,nan,0.082908,nan,0.073799,nan,nan,0,0,1,support_geometry_mixed,68,0,0
77,divergent_warmup_replay,R,LR,4470,0.081432,0.16443,0.016107,1.599216,3.596651,0.001785,0.000173,0.000173,1.20296,0.197802,0.016107,0.110503,0.088927,1.242627,0.06767,-0.053444,0.043303,0,0,1,h_not_upstream_of_9C_support,364,735,72
77,divergent_warmup_replay,R,M,1010,0.023762,0.0,0.0,0.047341,0.0,0.0,0.0,0.0,nan,nan,0.0,nan,0.08781,nan,-0.054778,nan,nan,0,0,1,support_geometry_mixed,24,0,0
77,divergent_warmup_replay,R,M,295,0.027119,0.0,0.0,0.01578,0.0,0.0,0.0,0.0,nan,nan,0.0,nan,0.079493,nan,0.025264,nan,nan,0,0,1,support_geometry_mixed,8,0,0
77,divergent_warmup_replay,R,M,1145,0.020961,0.165939,0.01048,0.047341,1.091975,0.000117,1.1e-05,1.1e-05,3.013158,0.5,0.01048,0.064327,0.090019,0.714588,0.009275,-0.085544,-0.039995,0,0,1,h_not_upstream_of_9C_support,24,190,12
77,divergent_warmup_replay,R,ML,1010,0.023762,0.0,0.0,0.047341,0.0,0.0,0.0,0.0,nan,nan,0.0,nan,0.08781,nan,-0.054778,nan,nan,0,0,1,support_geometry_mixed,24,0,0
77,divergent_warmup_replay,R,MM,295,0.027119,0.0,0.0,0.01578,0.0,0.0,0.0,0.0,nan,nan,0.0,nan,0.079493,nan,0.025264,nan,nan,0,0,1,support_geometry_mixed,8,0,0
77,divergent_warmup_replay,R,MR,1145,0.020961,0.165939,0.01048,0.047341,1.091975,0.000117,1.1e-05,1.1e-05,3.013158,0.5,0.01048,0.064327,0.090019,0.714588,0.009275,-0.085544,-0.039995,0,0,1,h_not_upstream_of_9C_support,24,190,12
77,divergent_warmup_replay,R,R,4375,0.145371,0.0,0.0,2.89867,0.0,0.0,0.0,0.0,nan,nan,0.0,nan,0.094879,nan,0.0309,nan,nan,0,0,1,support_geometry_mixed,636,0,0
77,divergent_warmup_replay,R,R,1060,0.158491,0.0,0.0,0.668888,0.0,0.0,0.0,0.0,nan,nan,0.0,nan,0.093541,nan,-0.090735,nan,nan,0,0,1,support_geometry_mixed,168,0,0
77,divergent_warmup_replay,R,R,4565,0.122673,0.153341,0.018401,2.78728,3.396508,0.002415,0.000216,0.000216,0.978214,0.15,0.018401,0.104102,0.103616,1.004695,0.032126,-0.008828,0.001021,0,0,1,h_not_upstream_of_9C_support,560,700,84
77,divergent_warmup_replay,R,RL,4375,0.145371,0.0,0.0,2.89867,0.0,0.0,0.0,0.0,nan,nan,0.0,nan,0.094879,nan,0.0309,nan,nan,0,0,1,support_geometry_mixed,636,0,0
77,divergent_warmup_replay,R,RM,1060,0.158491,0.0,0.0,0.668888,0.0,0.0,0.0,0.0,nan,nan,0.0,nan,0.093541,nan,-0.090735,nan,nan,0,0,1,support_geometry_mixed,168,0,0
77,divergent_warmup_replay,R,RR,4565,0.122673,0.153341,0.018401,2.78728,3.396508,0.002415,0.000216,0.000216,0.978214,0.15,0.018401,0.104102,0.103616,1.004695,0.032126,-0.008828,0.001021,0,1,1,RR_overlap_geometry_split,560,700,84
77,exact_replay,ALL,ALL,62790,0.111308,0.05985,0.007852,30.93939,17.295009,0.01077,0.0013,0.0013,1.178598,0.131187,0.007852,0.109364,0.1085,1.007959,0.033841,-0.011771,0.000981,0,0,0,h_not_upstream_of_9C_support,6989,3758,493
77,exact_replay,ALL,LL,12488,0.087444,0.074231,0.005125,5.462401,3.9024,0.00181,0.00028,0.00028,0.789533,0.06904,0.005125,0.132963,0.099009,1.342938,0.114823,0.024106,0.032695,1,0,0,h_not_upstream_of_9C_support,1092,927,64
77,exact_replay,ALL,LM,2926,0.06972,0.012303,0.0,0.866674,0.07052,0.0,0.0,0.0,0.0,0.0,0.0,nan,0.099248,nan,0.076411,-0.003026,nan,0,0,0,h_not_upstream_of_9C_support,204,36,0
77,exact_replay,ALL,LR,12516,0.087248,0.058725,0.005753,5.807254,3.596651,0.001785,0.000173,0.000173,1.122763,0.097959,0.005753,0.098495,0.106058,0.928695,0.084788,-0.092889,-0.007485,0,0,0,h_not_upstream_of_9C_support,1092,735,72
77,exact_replay,ALL,ML,2828,0.02546,0.054102,0.0,0.171911,0.615928,0.0,0.0,0.0,0.0,0.0,0.0,nan,0.104598,nan,-0.039811,0.061116,nan,0,0,0,h_not_upstream_of_9C_support,72,153,0
77,exact_replay,ALL,MM,826,0.029056,0.010896,0.0,0.057304,0.01763,0.0,0.0,0.0,0.0,0.0,0.0,nan,0.094097,nan,0.043027,-0.03863,nan,0,0,0,h_not_upstream_of_9C_support,24,9,0
77,exact_replay,ALL,MR,3206,0.022458,0.059264,0.003743,0.171911,1.091975,0.000117,1.1e-05,1.1e-05,2.812281,0.166667,0.003743,0.055097,0.105101,0.524231,0.01677,-0.104356,-0.038484,0,0,0,h_not_upstream_of_9C_support,72,190,12
77,exact_replay,ALL,RL,12250,0.168735,0.074939,0.019102,8.393785,4.427098,0.0045,0.000601,0.000601,1.510667,0.254902,0.019102,0.117744,0.112273,1.048722,-0.028333,0.083294,0.009651,0,0,0,h_not_upstream_of_9C_support,2067,918,234
77,exact_replay,ALL,RM,2968,0.183962,0.030323,0.009097,1.936923,0.176299,0.000143,1.9e-05,1.9e-05,1.630769,0.3,0.009097,0.087634,0.109477,0.80048,-0.134244,-0.013744,-0.02614,0,0,0,h_not_upstream_of_9C_support,546,90,27
77,exact_replay,ALL,RR,12782,0.142388,0.054765,0.006572,8.071227,3.396508,0.002415,0.000216,0.000216,0.842769,0.12,0.006572,0.092094,0.121178,0.759992,-0.027841,-0.082072,-0.029889,0,1,0,RR_phi_limited_seed_split,1820,700,84
77,exact_replay,L,L,8028,0.090683,0.115471,0.007972,3.958151,3.9024,0.00181,0.00028,0.00028,0.761336,0.087912,0.007972,0.132963,0.113498,1.171503,0.108693,-0.020065,0.021559,0,0,0,h_not_upstream_of_9C_support,728,927,64
77,exact_replay,L,L,1881,0.072302,0.019139,0.0,0.628007,0.07052,0.0,0.0,0.0,0.0,0.0,0.0,nan,0.113729,nan,0.070362,-0.026946,nan,0,0,0,h_not_upstream_of_9C_support,136,36,0
77,exact_replay,L,L,8046,0.09048,0.0,0.0,4.208038,0.0,0.0,0.0,0.0,nan,nan,0.0,nan,0.121408,nan,0.077447,nan,nan,0,0,0,support_geometry_mixed,728,0,0
77,exact_replay,L,LL,8028,0.090683,0.115471,0.007972,3.958151,3.9024,0.00181,0.00028,0.00028,0.761336,0.087912,0.007972,0.132963,0.113498,1.171503,0.108693,-0.020065,0.021559,1,0,0,h_not_upstream_of_9C_support,728,927,64
77,exact_replay,L,LM,1881,0.072302,0.019139,0.0,0.628007,0.07052,0.0,0.0,0.0,0.0,0.0,0.0,nan,0.113729,nan,0.070362,-0.026946,nan,0,0,0,h_not_upstream_of_9C_support,136,36,0
77,exact_replay,L,LR,8046,0.09048,0.0,0.0,4.208038,0.0,0.0,0.0,0.0,nan,nan,0.0,nan,0.121408,nan,0.077447,nan,nan,0,0,0,support_geometry_mixed,728,0,0
77,exact_replay,L,M,1818,0.026403,0.084158,0.0,0.12457,0.615928,0.0,0.0,0.0,0.0,0.0,0.0,nan,0.119918,nan,-0.046988,0.03494,nan,0,0,0,h_not_upstream_of_9C_support,48,153,0
77,exact_replay,L,M,531,0.030132,0.016949,0.0,0.041523,0.01763,0.0,0.0,0.0,0.0,0.0,0.0,nan,0.107677,nan,0.038516,-0.065459,nan,0,0,0,h_not_upstream_of_9C_support,16,9,0
77,exact_replay,L,M,2061,0.02329,0.0,0.0,0.12457,0.0,0.0,0.0,0.0,nan,nan,0.0,nan,0.120103,nan,0.011422,nan,nan,0,0,0,support_geometry_mixed,48,0,0
77,exact_replay,L,ML,1818,0.026403,0.084158,0.0,0.12457,0.615928,0.0,0.0,0.0,0.0,0.0,0.0,nan,0.119918,nan,-0.046988,0.03494,nan,0,0,0,h_not_upstream_of_9C_support,48,153,0
77,exact_replay,L,MM,531,0.030132,0.016949,0.0,0.041523,0.01763,0.0,0.0,0.0,0.0,0.0,0.0,nan,0.107677,nan,0.038516,-0.065459,nan,0,0,0,h_not_upstream_of_9C_support,16,9,0
77,exact_replay,L,MR,2061,0.02329,0.0,0.0,0.12457,0.0,0.0,0.0,0.0,nan,nan,0.0,nan,0.120103,nan,0.011422,nan,nan,0,0,0,support_geometry_mixed,48,0,0
77,exact_replay,L,R,7875,0.181714,0.116571,0.029714,5.495115,4.427098,0.0045,0.000601,0.000601,1.402762,0.254902,0.029714,0.117744,0.129046,0.912413,-0.064634,0.046653,-0.023048,0,0,0,h_not_upstream_of_9C_support,1431,918,234
77,exact_replay,L,R,1908,0.198113,0.04717,0.014151,1.268035,0.176299,0.000143,1.9e-05,1.9e-05,1.514286,0.3,0.014151,0.087634,0.125631,0.697549,-0.170056,-0.057147,-0.05244,0,0,0,h_not_upstream_of_9C_support,378,90,27
77,exact_replay,L,R,8217,0.153341,0.0,0.0,5.283948,0.0,0.0,0.0,0.0,nan,nan,0.0,nan,0.138529,nan,-0.064672,nan,nan,0,0,0,support_geometry_mixed,1260,0,0
77,exact_replay,L,RL,7875,0.181714,0.116571,0.029714,5.495115,4.427098,0.0045,0.000601,0.000601,1.402762,0.254902,0.029714,0.117744,0.129046,0.912413,-0.064634,0.046653,-0.023048,0,0,0,h_not_upstream_of_9C_support,1431,918,234
77,exact_replay,L,RM,1908,0.198113,0.04717,0.014151,1.268035,0.176299,0.000143,1.9e-05,1.9e-05,1.514286,0.3,0.014151,0.087634,0.125631,0.697549,-0.170056,-0.057147,-0.05244,0,0,0,h_not_upstream_of_9C_support,378,90,27
77,exact_replay,L,RR,8217,0.153341,0.0,0.0,5.283948,0.0,0.0,0.0,0.0,nan,nan,0.0,nan,0.138529,nan,-0.064672,nan,nan,0,1,0,support_geometry_mixed,1260,0,0
77,exact_replay,R,L,4460,0.081614,0.0,0.0,1.50425,0.0,0.0,0.0,0.0,nan,nan,0.0,nan,0.073137,nan,0.116103,nan,nan,0,0,1,support_geometry_mixed,364,0,0
77,exact_replay,R,L,1045,0.065072,0.0,0.0,0.238667,0.0,0.0,0.0,0.0,nan,nan,0.0,nan,0.073181,nan,0.077121,nan,nan,0,0,1,support_geometry_mixed,68,0,0
77,exact_replay,R,L,4470,0.081432,0.16443,0.016107,1.599216,3.596651,0.001785,0.000173,0.000173,1.20296,0.197802,0.016107,0.098495,0.077976,1.263155,0.083491,-0.044159,0.04766,0,0,1,h_not_upstream_of_9C_support,364,735,72
77,exact_replay,R,LL,4460,0.081614,0.0,0.0,1.50425,0.0,0.0,0.0,0.0,nan,nan,0.0,nan,0.073137,nan,0.116103,nan,nan,1,0,1,support_geometry_mixed,364,0,0
77,exact_replay,R,LM,1045,0.065072,0.0,0.0,0.238667,0.0,0.0,0.0,0.0,nan,nan,0.0,nan,0.073181,nan,0.077121,nan,nan,0,0,1,support_geometry_mixed,68,0,0
77,exact_replay,R,LR,4470,0.081432,0.16443,0.016107,1.599216,3.596651,0.001785,0.000173,0.000173,1.20296,0.197802,0.016107,0.098495,0.077976,1.263155,0.083491,-0.044159,0.04766,0,0,1,h_not_upstream_of_9C_support,364,735,72
77,exact_replay,R,M,1010,0.023762,0.0,0.0,0.047341,0.0,0.0,0.0,0.0,nan,nan,0.0,nan,0.077021,nan,-0.050455,nan,nan,0,0,1,support_geometry_mixed,24,0,0
77,exact_replay,R,M,295,0.027119,0.0,0.0,0.01578,0.0,0.0,0.0,0.0,nan,nan,0.0,nan,0.069652,nan,0.03524,nan,nan,0,0,1,support_geometry_mixed,8,0,0
77,exact_replay,R,M,1145,0.020961,0.165939,0.01048,0.047341,1.091975,0.000117,1.1e-05,1.1e-05,3.013158,0.5,0.01048,0.055097,0.077812,0.708082,0.010187,-0.071814,-0.041109,0,0,1,h_not_upstream_of_9C_support,24,190,12
77,exact_replay,R,ML,1010,0.023762,0.0,0.0,0.047341,0.0,0.0,0.0,0.0,nan,nan,0.0,nan,0.077021,nan,-0.050455,nan,nan,0,0,1,support_geometry_mixed,24,0,0
77,exact_replay,R,MM,295,0.027119,0.0,0.0,0.01578,0.0,0.0,0.0,0.0,nan,nan,0.0,nan,0.069652,nan,0.03524,nan,nan,0,0,1,support_geometry_mixed,8,0,0
77,exact_replay,R,MR,1145,0.020961,0.165939,0.01048,0.047341,1.091975,0.000117,1.1e-05,1.1e-05,3.013158,0.5,0.01048,0.055097,0.077812,0.708082,0.010187,-0.071814,-0.041109,0,0,1,h_not_upstream_of_9C_support,24,190,12
77,exact_replay,R,R,4375,0.145371,0.0,0.0,2.89867,0.0,0.0,0.0,0.0,nan,nan,0.0,nan,0.082979,nan,0.056014,nan,nan,0,0,1,support_geometry_mixed,636,0,0
77,exact_replay,R,R,1060,0.158491,0.0,0.0,0.668888,0.0,0.0,0.0,0.0,nan,nan,0.0,nan,0.08081,nan,-0.072146,nan,nan,0,0,1,support_geometry_mixed,168,0,0
77,exact_replay,R,R,4565,0.122673,0.153341,0.018401,2.78728,3.396508,0.002415,0.000216,0.000216,0.978214,0.15,0.018401,0.092094,0.08936,1.030593,0.056877,-0.007225,0.006585,0,0,1,h_not_upstream_of_9C_support,560,700,84
77,exact_replay,R,RL,4375,0.145371,0.0,0.0,2.89867,0.0,0.0,0.0,0.0,nan,nan,0.0,nan,0.082979,nan,0.056014,nan,nan,0,0,1,support_geometry_mixed,636,0,0
77,exact_replay,R,RM,1060,0.158491,0.0,0.0,0.668888,0.0,0.0,0.0,0.0,nan,nan,0.0,nan,0.08081,nan,-0.072146,nan,nan,0,0,1,support_geometry_mixed,168,0,0
77,exact_replay,R,RR,4565,0.122673,0.153341,0.018401,2.78728,3.396508,0.002415,0.000216,0.000216,0.978214,0.15,0.018401,0.092094,0.08936,1.030593,0.056877,-0.007225,0.006585,0,1,1,RR_overlap_geometry_split,560,700,84
123,closed_loop,ALL,ALL,35880,0.102536,0.065022,0.006271,17.823194,12.7941,0.007046,0.0007,0.0007,0.940568,0.096442,0.006271,0.15529,0.124998,1.242339,0.057076,0.023232,0.028346,0,0,0,h_not_upstream_of_9C_support,3679,2333,225
123,closed_loop,ALL,LL,7168,0.102539,0.060268,0.00558,2.700309,2.39166,0.00074,6.7e-05,6.7e-05,0.902998,0.092593,0.00558,0.184556,0.137505,1.34218,0.090913,0.051679,0.040526,1,0,0,LL_topology_support_special_case,735,432,40
123,closed_loop,ALL,LM,2056,0.077821,0.0,0.0,0.552613,0.0,0.0,0.0,0.0,nan,nan,0.0,nan,0.123393,nan,0.057379,nan,nan,0,0,0,support_geometry_mixed,160,0,0
123,closed_loop,ALL,LR,7000,0.115714,0.077143,0.006857,2.885916,3.125846,0.001137,0.000129,0.000129,0.768176,0.088889,0.006857,0.15192,0.124083,1.224341,0.099356,-0.006725,0.027411,0,0,0,h_not_upstream_of_9C_support,810,540,48
123,closed_loop,ALL,ML,2016,0.0,0.0625,0.0,0.0,0.642836,0.0,0.0,0.0,nan,nan,0.0,nan,0.125097,nan,nan,0.105209,nan,0,0,0,support_geometry_mixed,0,126,0
123,closed_loop,ALL,MM,584,0.0,0.0,0.0,0.0,0.0,0.0,0.0,0.0,nan,nan,0.0,nan,0.120012,nan,nan,nan,nan,0,0,0,support_geometry_mixed,0,0,0
123,closed_loop,ALL,MR,1824,0.0,0.090461,0.0,0.0,1.002624,0.0,0.0,0.0,nan,nan,0.0,nan,0.11994,nan,nan,0.018253,nan,0,0,0,support_geometry_mixed,0,165,0
123,closed_loop,ALL,RL,6880,0.130233,0.074128,0.010029,5.12778,2.728109,0.002707,0.000233,0.000233,1.038866,0.135294,0.010029,0.137311,0.123836,1.108817,0.05439,0.040534,0.016216,0,0,0,h_not_upstream_of_9C_support,896,510,69
123,closed_loop,ALL,RM,1696,0.160967,0.0,0.0,1.713024,0.0,0.0,0.0,0.0,nan,nan,0.0,nan,0.118888,nan,0.021745,nan,nan,0,0,0,support_geometry_mixed,273,0,0
123,closed_loop,ALL,RR,6656,0.120944,0.084135,0.010216,4.843552,2.903025,0.002463,0.000271,0.000271,1.004011,0.121429,0.010216,0.158698,0.117522,1.350376,0.060843,-0.003851,0.050089,0,1,0,RR_phi_limited_seed_split,805,560,68
123,closed_loop,L,L,2688,0.109375,0.160714,0.014881,0.821205,2.39166,0.00074,6.7e-05,6.7e-05,0.846561,0.136054,0.014881,0.184556,0.148389,1.243727,0.088428,0.043694,0.048399,0,0,0,h_not_upstream_of_9C_support,294,432,40
123,closed_loop,L,L,771,0.083009,0.0,0.0,0.168058,0.0,0.0,0.0,0.0,nan,nan,0.0,nan,0.133404,nan,0.055966,nan,nan,0,0,0,support_geometry_mixed,64,0,0
123,closed_loop,L,L,2625,0.123429,0.0,0.0,0.877651,0.0,0.0,0.0,0.0,nan,nan,0.0,nan,0.134199,nan,0.096758,nan,nan,0,0,0,support_geometry_mixed,324,0,0
123,closed_loop,L,LL,2688,0.109375,0.160714,0.014881,0.821205,2.39166,0.00074,6.7e-05,6.7e-05,0.846561,0.136054,0.014881,0.184556,0.148389,1.243727,0.088428,0.043694,0.048399,1,0,0,h_not_upstream_of_9C_support,294,432,40
123,closed_loop,L,LM,771,0.083009,0.0,0.0,0.168058,0.0,0.0,0.0,0.0,nan,nan,0.0,nan,0.133404,nan,0.055966,nan,nan,0,0,0,support_geometry_mixed,64,0,0
123,closed_loop,L,LR,2625,0.123429,0.0,0.0,0.877651,0.0,0.0,0.0,0.0,nan,nan,0.0,nan,0.134199,nan,0.096758,nan,nan,0,0,0,support_geometry_mixed,324,0,0
123,closed_loop,L,M,756,0.0,0.166667,0.0,0.0,0.642836,0.0,0.0,0.0,nan,nan,0.0,nan,0.135136,nan,nan,0.132311,nan,0,0,0,support_geometry_mixed,0,126,0
123,closed_loop,L,M,219,0.0,0.0,0.0,0.0,0.0,0.0,0.0,0.0,nan,nan,0.0,nan,0.129755,nan,nan,nan,nan,0,0,0,support_geometry_mixed,0,0,0
123,closed_loop,L,M,684,0.0,0.0,0.0,0.0,0.0,0.0,0.0,0.0,nan,nan,0.0,nan,0.129686,nan,nan,nan,nan,0,0,0,support_geometry_mixed,0,0,0
123,closed_loop,L,ML,756,0.0,0.166667,0.0,0.0,0.642836,0.0,0.0,0.0,nan,nan,0.0,nan,0.135136,nan,nan,0.132311,nan,0,0,0,support_geometry_mixed,0,126,0
123,closed_loop,L,MM,219,0.0,0.0,0.0,0.0,0.0,0.0,0.0,0.0,nan,nan,0.0,nan,0.129755,nan,nan,nan,nan,0,0,0,support_geometry_mixed,0,0,0
123,closed_loop,L,MR,684,0.0,0.0,0.0,0.0,0.0,0.0,0.0,0.0,nan,nan,0.0,nan,0.129686,nan,nan,nan,nan,0,0,0,support_geometry_mixed,0,0,0
123,closed_loop,L,R,2580,0.148837,0.197674,0.026744,2.249606,2.728109,0.002707,0.000233,0.000233,0.909007,0.179688,0.026744,0.137311,0.133828,1.026026,0.045566,0.02471,0.006465,0,0,0,h_not_upstream_of_9C_support,384,510,69
123,closed_loop,L,R,636,0.183962,0.0,0.0,0.75152,0.0,0.0,0.0,0.0,nan,nan,0.0,nan,0.128561,nan,0.008743,nan,nan,0,0,0,support_geometry_mixed,117,0,0
123,closed_loop,L,R,2496,0.138221,0.0,0.0,2.124912,0.0,0.0,0.0,0.0,nan,nan,0.0,nan,0.12748,nan,0.054489,nan,nan,0,0,0,support_geometry_mixed,345,0,0
123,closed_loop,L,RL,2580,0.148837,0.197674,0.026744,2.249606,2.728109,0.002707,0.000233,0.000233,0.909007,0.179688,0.026744,0.137311,0.133828,1.026026,0.045566,0.02471,0.006465,0,0,0,h_not_upstream_of_9C_support,384,510,69
123,closed_loop,L,RM,636,0.183962,0.0,0.0,0.75152,0.0,0.0,0.0,0.0,nan,nan,0.0,nan,0.128561,nan,0.008743,nan,nan,0,0,0,support_geometry_mixed,117,0,0
123,closed_loop,L,RR,2496,0.138221,0.0,0.0,2.124912,0.0,0.0,0.0,0.0,nan,nan,0.0,nan,0.12748,nan,0.054489,nan,nan,0,1,0,support_geometry_mixed,345,0,0
123,closed_loop,R,L,4480,0.098437,0.0,0.0,1.879104,0.0,0.0,0.0,0.0,nan,nan,0.0,nan,0.131071,nan,0.100018,nan,nan,0,0,1,support_geometry_mixed,441,0,0
123,closed_loop,R,L,1285,0.074708,0.0,0.0,0.384555,0.0,0.0,0.0,0.0,nan,nan,0.0,nan,0.117387,nan,0.06356,nan,nan,0,0,1,support_geometry_mixed,96,0,0
123,closed_loop,R,L,4375,0.111086,0.123429,0.010971,2.008265,3.125846,0.001137,0.000129,0.000129,0.800183,0.098765,0.010971,0.15192,0.117946,1.288044,0.108699,0.013247,0.043927,0,0,1,h_not_upstream_of_9C_support,486,540,48
123,closed_loop,R,LL,4480,0.098437,0.0,0.0,1.879104,0.0,0.0,0.0,0.0,nan,nan,0.0,nan,0.131071,nan,0.100018,nan,nan,1,0,1,support_geometry_mixed,441,0,0
123,closed_loop,R,LM,1285,0.074708,0.0,0.0,0.384555,0.0,0.0,0.0,0.0,nan,nan,0.0,nan,0.117387,nan,0.06356,nan,nan,0,0,1,support_geometry_mixed,96,0,0
123,closed_loop,R,LR,4375,0.111086,0.123429,0.010971,2.008265,3.125846,0.001137,0.000129,0.000129,0.800183,0.098765,0.010971,0.15192,0.117946,1.288044,0.108699,0.013247,0.043927,0,0,1,h_not_upstream_of_9C_support,486,540,48
123,closed_loop,R,M,1260,0.0,0.0,0.0,0.0,0.0,0.0,0.0,0.0,nan,nan,0.0,nan,0.119073,nan,nan,nan,nan,0,0,1,support_geometry_mixed,0,0,0
123,closed_loop,R,M,365,0.0,0.0,0.0,0.0,0.0,0.0,0.0,0.0,nan,nan,0.0,nan,0.114166,nan,nan,nan,nan,0,0,1,support_geometry_mixed,0,0,0
123,closed_loop,R,M,1140,0.0,0.144737,0.0,0.0,1.002624,0.0,0.0,0.0,nan,nan,0.0,nan,0.114091,nan,nan,0.049065,nan,0,0,1,support_geometry_mixed,0,165,0
123,closed_loop,R,ML,1260,0.0,0.0,0.0,0.0,0.0,0.0,0.0,0.0,nan,nan,0.0,nan,0.119073,nan,nan,nan,nan,0,0,1,support_geometry_mixed,0,0,0
123,closed_loop,R,MM,365,0.0,0.0,0.0,0.0,0.0,0.0,0.0,0.0,nan,nan,0.0,nan,0.114166,nan,nan,nan,nan,0,0,1,support_geometry_mixed,0,0,0
123,closed_loop,R,MR,1140,0.0,0.144737,0.0,0.0,1.002624,0.0,0.0,0.0,nan,nan,0.0,nan,0.114091,nan,nan,0.049065,nan,0,0,1,support_geometry_mixed,0,165,0
123,closed_loop,R,R,4300,0.11907,0.0,0.0,2.878175,0.0,0.0,0.0,0.0,nan,nan,0.0,nan,0.118001,nan,0.054901,nan,nan,0,0,1,support_geometry_mixed,512,0,0
123,closed_loop,R,R,1060,0.14717,0.0,0.0,0.961504,0.0,0.0,0.0,0.0,nan,nan,0.0,nan,0.113084,nan,0.024323,nan,nan,0,0,1,support_geometry_mixed,156,0,0
123,closed_loop,R,R,4160,0.110577,0.134615,0.016346,2.71864,2.903025,0.002463,0.000271,0.000271,1.098137,0.147826,0.016346,0.158698,0.111447,1.423976,0.06011,0.017636,0.075454,0,0,1,h_not_upstream_of_9C_support,460,560,68
123,closed_loop,R,RL,4300,0.11907,0.0,0.0,2.878175,0.0,0.0,0.0,0.0,nan,nan,0.0,nan,0.118001,nan,0.054901,nan,nan,0,0,1,support_geometry_mixed,512,0,0
123,closed_loop,R,RM,1060,0.14717,0.0,0.0,0.961504,0.0,0.0,0.0,0.0,nan,nan,0.0,nan,0.113084,nan,0.024323,nan,nan,0,0,1,support_geometry_mixed,156,0,0
123,closed_loop,R,RR,4160,0.110577,0.134615,0.016346,2.71864,2.903025,0.002463,0.000271,0.000271,1.098137,0.147826,0.016346,0.158698,0.111447,1.423976,0.06011,0.017636,0.075454,0,1,1,RR_overlap_geometry_split,460,560,68
123,divergent_warmup_replay,ALL,ALL,35880,0.102536,0.065022,0.006271,17.823194,12.7941,0.007046,0.0007,0.0007,0.940568,0.096442,0.006271,0.163095,0.131388,1.241324,0.054125,0.021288,0.02828,0,0,0,h_not_upstream_of_9C_support,3679,2333,225
123,divergent_warmup_replay,ALL,LL,7168,0.102539,0.060268,0.00558,2.700309,2.39166,0.00074,6.7e-05,6.7e-05,0.902998,0.092593,0.00558,0.194443,0.146215,1.329844,0.081703,0.046339,0.039803,1,0,0,LL_topology_support_special_case,735,432,40
123,divergent_warmup_replay,ALL,LM,2056,0.077821,0.0,0.0,0.552613,0.0,0.0,0.0,0.0,nan,nan,0.0,nan,0.129791,nan,0.057276,nan,nan,0,0,0,support_geometry_mixed,160,0,0
123,divergent_warmup_replay,ALL,LR,7000,0.115714,0.077143,0.006857,2.885916,3.125846,0.001137,0.000129,0.000129,0.768176,0.088889,0.006857,0.159872,0.130586,1.224262,0.099347,-0.010388,0.027379,0,0,0,h_not_upstream_of_9C_support,810,540,48
123,divergent_warmup_replay,ALL,ML,2016,0.0,0.0625,0.0,0.0,0.642836,0.0,0.0,0.0,nan,nan,0.0,nan,0.131017,nan,nan,0.108171,nan,0,0,0,support_geometry_mixed,0,126,0
123,divergent_warmup_replay,ALL,MM,584,0.0,0.0,0.0,0.0,0.0,0.0,0.0,0.0,nan,nan,0.0,nan,0.125705,nan,nan,nan,nan,0,0,0,support_geometry_mixed,0,0,0
123,divergent_warmup_replay,ALL,MR,1824,0.0,0.090461,0.0,0.0,1.002624,0.0,0.0,0.0,nan,nan,0.0,nan,0.124788,nan,nan,0.022531,nan,0,0,0,support_geometry_mixed,0,165,0
123,divergent_warmup_replay,ALL,RL,6880,0.130233,0.074128,0.010029,5.12778,2.728109,0.002707,0.000233,0.000233,1.038866,0.135294,0.010029,0.146161,0.130417,1.12072,0.048597,0.039465,0.0181,0,0,0,h_not_upstream_of_9C_support,896,510,69
123,divergent_warmup_replay,ALL,RM,1696,0.160967,0.0,0.0,1.713024,0.0,0.0,0.0,0.0,nan,nan,0.0,nan,0.12384,nan,0.02072,nan,nan,0,0,0,support_geometry_mixed,273,0,0
123,divergent_warmup_replay,ALL,RR,6656,0.120944,0.084135,0.010216,4.843552,2.903025,0.002463,0.000271,0.000271,1.004011,0.121429,0.010216,0.164113,0.122081,1.344294,0.062678,-0.004352,0.04867,0,1,0,RR_phi_limited_seed_split,805,560,68
123,divergent_warmup_replay,L,L,2688,0.109375,0.160714,0.014881,0.821205,2.39166,0.00074,6.7e-05,6.7e-05,0.846561,0.136054,0.014881,0.194443,0.156636,1.241372,0.080794,0.038356,0.048601,0,0,0,h_not_upstream_of_9C_support,294,432,40
123,divergent_warmup_replay,L,L,771,0.083009,0.0,0.0,0.168058,0.0,0.0,0.0,0.0,nan,nan,0.0,nan,0.139361,nan,0.056319,nan,nan,0,0,0,support_geometry_mixed,64,0,0
123,divergent_warmup_replay,L,L,2625,0.123429,0.0,0.0,0.877651,0.0,0.0,0.0,0.0,nan,nan,0.0,nan,0.140365,nan,0.098262,nan,nan,0,0,0,support_geometry_mixed,324,0,0
123,divergent_warmup_replay,L,LL,2688,0.109375,0.160714,0.014881,0.821205,2.39166,0.00074,6.7e-05,6.7e-05,0.846561,0.136054,0.014881,0.194443,0.156636,1.241372,0.080794,0.038356,0.048601,1,0,0,h_not_upstream_of_9C_support,294,432,40
123,divergent_warmup_replay,L,LM,771,0.083009,0.0,0.0,0.168058,0.0,0.0,0.0,0.0,nan,nan,0.0,nan,0.139361,nan,0.056319,nan,nan,0,0,0,support_geometry_mixed,64,0,0
123,divergent_warmup_replay,L,LR,2625,0.123429,0.0,0.0,0.877651,0.0,0.0,0.0,0.0,nan,nan,0.0,nan,0.140365,nan,0.098262,nan,nan,0,0,0,support_geometry_mixed,324,0,0
123,divergent_warmup_replay,L,M,756,0.0,0.166667,0.0,0.0,0.642836,0.0,0.0,0.0,nan,nan,0.0,nan,0.140743,nan,nan,0.140462,nan,0,0,0,support_geometry_mixed,0,126,0
123,divergent_warmup_replay,L,M,219,0.0,0.0,0.0,0.0,0.0,0.0,0.0,0.0,nan,nan,0.0,nan,0.135138,nan,nan,nan,nan,0,0,0,support_geometry_mixed,0,0,0
123,divergent_warmup_replay,L,M,684,0.0,0.0,0.0,0.0,0.0,0.0,0.0,0.0,nan,nan,0.0,nan,0.133993,nan,nan,nan,nan,0,0,0,support_geometry_mixed,0,0,0
123,divergent_warmup_replay,L,ML,756,0.0,0.166667,0.0,0.0,0.642836,0.0,0.0,0.0,nan,nan,0.0,nan,0.140743,nan,nan,0.140462,nan,0,0,0,support_geometry_mixed,0,126,0
123,divergent_warmup_replay,L,MM,219,0.0,0.0,0.0,0.0,0.0,0.0,0.0,0.0,nan,nan,0.0,nan,0.135138,nan,nan,nan,nan,0,0,0,support_geometry_mixed,0,0,0
123,divergent_warmup_replay,L,MR,684,0.0,0.0,0.0,0.0,0.0,0.0,0.0,0.0,nan,nan,0.0,nan,0.133993,nan,nan,nan,nan,0,0,0,support_geometry_mixed,0,0,0
123,divergent_warmup_replay,L,R,2580,0.148837,0.197674,0.026744,2.249606,2.728109,0.002707,0.000233,0.000233,0.909007,0.179688,0.026744,0.146161,0.139921,1.044596,0.040788,0.026586,0.011093,0,0,0,h_not_upstream_of_9C_support,384,510,69
123,divergent_warmup_replay,L,R,636,0.183962,0.0,0.0,0.75152,0.0,0.0,0.0,0.0,nan,nan,0.0,nan,0.13303,nan,0.008365,nan,nan,0,0,0,support_geometry_mixed,117,0,0
123,divergent_warmup_replay,L,R,2496,0.138221,0.0,0.0,2.124912,0.0,0.0,0.0,0.0,nan,nan,0.0,nan,0.131479,nan,0.058255,nan,nan,0,0,0,support_geometry_mixed,345,0,0
123,divergent_warmup_replay,L,RL,2580,0.148837,0.197674,0.026744,2.249606,2.728109,0.002707,0.000233,0.000233,0.909007,0.179688,0.026744,0.146161,0.139921,1.044596,0.040788,0.026586,0.011093,0,0,0,h_not_upstream_of_9C_support,384,510,69
123,divergent_warmup_replay,L,RM,636,0.183962,0.0,0.0,0.75152,0.0,0.0,0.0,0.0,nan,nan,0.0,nan,0.13303,nan,0.008365,nan,nan,0,0,0,support_geometry_mixed,117,0,0
123,divergent_warmup_replay,L,RR,2496,0.138221,0.0,0.0,2.124912,0.0,0.0,0.0,0.0,nan,nan,0.0,nan,0.131479,nan,0.058255,nan,nan,0,1,0,support_geometry_mixed,345,0,0
123,divergent_warmup_replay,R,L,4480,0.098437,0.0,0.0,1.879104,0.0,0.0,0.0,0.0,nan,nan,0.0,nan,0.140056,nan,0.089153,nan,nan,0,0,1,support_geometry_mixed,441,0,0
123,divergent_warmup_replay,R,L,1285,0.074708,0.0,0.0,0.384555,0.0,0.0,0.0,0.0,nan,nan,0.0,nan,0.124049,nan,0.062766,nan,nan,0,0,1,support_geometry_mixed,96,0,0
123,divergent_warmup_replay,R,L,4375,0.111086,0.123429,0.010971,2.008265,3.125846,0.001137,0.000129,0.000129,0.800183,0.098765,0.010971,0.159872,0.124654,1.282523,0.107265,0.006462,0.043095,0,0,1,h_not_upstream_of_9C_support,486,540,48
123,divergent_warmup_replay,R,LL,4480,0.098437,0.0,0.0,1.879104,0.0,0.0,0.0,0.0,nan,nan,0.0,nan,0.140056,nan,0.089153,nan,nan,1,0,1,support_geometry_mixed,441,0,0
123,divergent_warmup_replay,R,LM,1285,0.074708,0.0,0.0,0.384555,0.0,0.0,0.0,0.0,nan,nan,0.0,nan,0.124049,nan,0.062766,nan,nan,0,0,1,support_geometry_mixed,96,0,0
123,divergent_warmup_replay,R,LR,4375,0.111086,0.123429,0.010971,2.008265,3.125846,0.001137,0.000129,0.000129,0.800183,0.098765,0.010971,0.159872,0.124654,1.282523,0.107265,0.006462,0.043095,0,0,1,h_not_upstream_of_9C_support,486,540,48
123,divergent_warmup_replay,R,M,1260,0.0,0.0,0.0,0.0,0.0,0.0,0.0,0.0,nan,nan,0.0,nan,0.125181,nan,nan,nan,nan,0,0,1,support_geometry_mixed,0,0,0
123,divergent_warmup_replay,R,M,365,0.0,0.0,0.0,0.0,0.0,0.0,0.0,0.0,nan,nan,0.0,nan,0.120045,nan,nan,nan,nan,0,0,1,support_geometry_mixed,0,0,0
123,divergent_warmup_replay,R,M,1140,0.0,0.144737,0.0,0.0,1.002624,0.0,0.0,0.0,nan,nan,0.0,nan,0.119265,nan,nan,0.0522,nan,0,0,1,support_geometry_mixed,0,165,0
123,divergent_warmup_replay,R,ML,1260,0.0,0.0,0.0,0.0,0.0,0.0,0.0,0.0,nan,nan,0.0,nan,0.125181,nan,nan,nan,nan,0,0,1,support_geometry_mixed,0,0,0
123,divergent_warmup_replay,R,MM,365,0.0,0.0,0.0,0.0,0.0,0.0,0.0,0.0,nan,nan,0.0,nan,0.120045,nan,nan,nan,nan,0,0,1,support_geometry_mixed,0,0,0
123,divergent_warmup_replay,R,MR,1140,0.0,0.144737,0.0,0.0,1.002624,0.0,0.0,0.0,nan,nan,0.0,nan,0.119265,nan,nan,0.0522,nan,0,0,1,support_geometry_mixed,0,165,0
123,divergent_warmup_replay,R,R,4300,0.11907,0.0,0.0,2.878175,0.0,0.0,0.0,0.0,nan,nan,0.0,nan,0.124867,nan,0.048803,nan,nan,0,0,1,support_geometry_mixed,512,0,0
123,divergent_warmup_replay,R,R,1060,0.14717,0.0,0.0,0.961504,0.0,0.0,0.0,0.0,nan,nan,0.0,nan,0.118326,nan,0.023382,nan,nan,0,0,1,support_geometry_mixed,156,0,0
123,divergent_warmup_replay,R,R,4160,0.110577,0.134615,0.016346,2.71864,2.903025,0.002463,0.000271,0.000271,1.098137,0.147826,0.016346,0.164113,0.116348,1.410527,0.061104,0.014524,0.072365,0,0,1,h_not_upstream_of_9C_support,460,560,68
123,divergent_warmup_replay,R,RL,4300,0.11907,0.0,0.0,2.878175,0.0,0.0,0.0,0.0,nan,nan,0.0,nan,0.124867,nan,0.048803,nan,nan,0,0,1,support_geometry_mixed,512,0,0
123,divergent_warmup_replay,R,RM,1060,0.14717,0.0,0.0,0.961504,0.0,0.0,0.0,0.0,nan,nan,0.0,nan,0.118326,nan,0.023382,nan,nan,0,0,1,support_geometry_mixed,156,0,0
123,divergent_warmup_replay,R,RR,4160,0.110577,0.134615,0.016346,2.71864,2.903025,0.002463,0.000271,0.000271,1.098137,0.147826,0.016346,0.164113,0.116348,1.410527,0.061104,0.014524,0.072365,0,1,1,RR_overlap_geometry_split,460,560,68
123,exact_replay,ALL,ALL,35880,0.102536,0.065022,0.006271,17.823194,12.7941,0.007046,0.0007,0.0007,0.940568,0.096442,0.006271,0.15529,0.124998,1.242339,0.057076,0.023232,0.028346,0,0,0,h_not_upstream_of_9C_support,3679,2333,225
123,exact_replay,ALL,LL,7168,0.102539,0.060268,0.00558,2.700309,2.39166,0.00074,6.7e-05,6.7e-05,0.902998,0.092593,0.00558,0.184556,0.137505,1.34218,0.090913,0.051679,0.040526,1,0,0,LL_topology_support_special_case,735,432,40
123,exact_replay,ALL,LM,2056,0.077821,0.0,0.0,0.552613,0.0,0.0,0.0,0.0,nan,nan,0.0,nan,0.123393,nan,0.057379,nan,nan,0,0,0,support_geometry_mixed,160,0,0
123,exact_replay,ALL,LR,7000,0.115714,0.077143,0.006857,2.885916,3.125846,0.001137,0.000129,0.000129,0.768176,0.088889,0.006857,0.15192,0.124083,1.224341,0.099356,-0.006725,0.027411,0,0,0,h_not_upstream_of_9C_support,810,540,48
123,exact_replay,ALL,ML,2016,0.0,0.0625,0.0,0.0,0.642836,0.0,0.0,0.0,nan,nan,0.0,nan,0.125097,nan,nan,0.105209,nan,0,0,0,support_geometry_mixed,0,126,0
123,exact_replay,ALL,MM,584,0.0,0.0,0.0,0.0,0.0,0.0,0.0,0.0,nan,nan,0.0,nan,0.120012,nan,nan,nan,nan,0,0,0,support_geometry_mixed,0,0,0
123,exact_replay,ALL,MR,1824,0.0,0.090461,0.0,0.0,1.002624,0.0,0.0,0.0,nan,nan,0.0,nan,0.11994,nan,nan,0.018253,nan,0,0,0,support_geometry_mixed,0,165,0
123,exact_replay,ALL,RL,6880,0.130233,0.074128,0.010029,5.12778,2.728109,0.002707,0.000233,0.000233,1.038866,0.135294,0.010029,0.137311,0.123836,1.108817,0.05439,0.040534,0.016216,0,0,0,h_not_upstream_of_9C_support,896,510,69
123,exact_replay,ALL,RM,1696,0.160967,0.0,0.0,1.713024,0.0,0.0,0.0,0.0,nan,nan,0.0,nan,0.118888,nan,0.021745,nan,nan,0,0,0,support_geometry_mixed,273,0,0
123,exact_replay,ALL,RR,6656,0.120944,0.084135,0.010216,4.843552,2.903025,0.002463,0.000271,0.000271,1.004011,0.121429,0.010216,0.158698,0.117522,1.350376,0.060843,-0.003851,0.050089,0,1,0,RR_phi_limited_seed_split,805,560,68
123,exact_replay,L,L,2688,0.109375,0.160714,0.014881,0.821205,2.39166,0.00074,6.7e-05,6.7e-05,0.846561,0.136054,0.014881,0.184556,0.148389,1.243727,0.088428,0.043694,0.048399,0,0,0,h_not_upstream_of_9C_support,294,432,40
123,exact_replay,L,L,771,0.083009,0.0,0.0,0.168058,0.0,0.0,0.0,0.0,nan,nan,0.0,nan,0.133404,nan,0.055966,nan,nan,0,0,0,support_geometry_mixed,64,0,0
123,exact_replay,L,L,2625,0.123429,0.0,0.0,0.877651,0.0,0.0,0.0,0.0,nan,nan,0.0,nan,0.134199,nan,0.096758,nan,nan,0,0,0,support_geometry_mixed,324,0,0
123,exact_replay,L,LL,2688,0.109375,0.160714,0.014881,0.821205,2.39166,0.00074,6.7e-05,6.7e-05,0.846561,0.136054,0.014881,0.184556,0.148389,1.243727,0.088428,0.043694,0.048399,1,0,0,h_not_upstream_of_9C_support,294,432,40
123,exact_replay,L,LM,771,0.083009,0.0,0.0,0.168058,0.0,0.0,0.0,0.0,nan,nan,0.0,nan,0.133404,nan,0.055966,nan,nan,0,0,0,support_geometry_mixed,64,0,0
123,exact_replay,L,LR,2625,0.123429,0.0,0.0,0.877651,0.0,0.0,0.0,0.0,nan,nan,0.0,nan,0.134199,nan,0.096758,nan,nan,0,0,0,support_geometry_mixed,324,0,0
123,exact_replay,L,M,756,0.0,0.166667,0.0,0.0,0.642836,0.0,0.0,0.0,nan,nan,0.0,nan,0.135136,nan,nan,0.132311,nan,0,0,0,support_geometry_mixed,0,126,0
123,exact_replay,L,M,219,0.0,0.0,0.0,0.0,0.0,0.0,0.0,0.0,nan,nan,0.0,nan,0.129755,nan,nan,nan,nan,0,0,0,support_geometry_mixed,0,0,0
123,exact_replay,L,M,684,0.0,0.0,0.0,0.0,0.0,0.0,0.0,0.0,nan,nan,0.0,nan,0.129686,nan,nan,nan,nan,0,0,0,support_geometry_mixed,0,0,0
123,exact_replay,L,ML,756,0.0,0.166667,0.0,0.0,0.642836,0.0,0.0,0.0,nan,nan,0.0,nan,0.135136,nan,nan,0.132311,nan,0,0,0,support_geometry_mixed,0,126,0
123,exact_replay,L,MM,219,0.0,0.0,0.0,0.0,0.0,0.0,0.0,0.0,nan,nan,0.0,nan,0.129755,nan,nan,nan,nan,0,0,0,support_geometry_mixed,0,0,0
123,exact_replay,L,MR,684,0.0,0.0,0.0,0.0,0.0,0.0,0.0,0.0,nan,nan,0.0,nan,0.129686,nan,nan,nan,nan,0,0,0,support_geometry_mixed,0,0,0
123,exact_replay,L,R,2580,0.148837,0.197674,0.026744,2.249606,2.728109,0.002707,0.000233,0.000233,0.909007,0.179688,0.026744,0.137311,0.133828,1.026026,0.045566,0.02471,0.006465,0,0,0,h_not_upstream_of_9C_support,384,510,69
123,exact_replay,L,R,636,0.183962,0.0,0.0,0.75152,0.0,0.0,0.0,0.0,nan,nan,0.0,nan,0.128561,nan,0.008743,nan,nan,0,0,0,support_geometry_mixed,117,0,0
123,exact_replay,L,R,2496,0.138221,0.0,0.0,2.124912,0.0,0.0,0.0,0.0,nan,nan,0.0,nan,0.12748,nan,0.054489,nan,nan,0,0,0,support_geometry_mixed,345,0,0
123,exact_replay,L,RL,2580,0.148837,0.197674,0.026744,2.249606,2.728109,0.002707,0.000233,0.000233,0.909007,0.179688,0.026744,0.137311,0.133828,1.026026,0.045566,0.02471,0.006465,0,0,0,h_not_upstream_of_9C_support,384,510,69
123,exact_replay,L,RM,636,0.183962,0.0,0.0,0.75152,0.0,0.0,0.0,0.0,nan,nan,0.0,nan,0.128561,nan,0.008743,nan,nan,0,0,0,support_geometry_mixed,117,0,0
123,exact_replay,L,RR,2496,0.138221,0.0,0.0,2.124912,0.0,0.0,0.0,0.0,nan,nan,0.0,nan,0.12748,nan,0.054489,nan,nan,0,1,0,support_geometry_mixed,345,0,0
123,exact_replay,R,L,4480,0.098437,0.0,0.0,1.879104,0.0,0.0,0.0,0.0,nan,nan,0.0,nan,0.131071,nan,0.100018,nan,nan,0,0,1,support_geometry_mixed,441,0,0
123,exact_replay,R,L,1285,0.074708,0.0,0.0,0.384555,0.0,0.0,0.0,0.0,nan,nan,0.0,nan,0.117387,nan,0.06356,nan,nan,0,0,1,support_geometry_mixed,96,0,0
123,exact_replay,R,L,4375,0.111086,0.123429,0.010971,2.008265,3.125846,0.001137,0.000129,0.000129,0.800183,0.098765,0.010971,0.15192,0.117946,1.288044,0.108699,0.013247,0.043927,0,0,1,h_not_upstream_of_9C_support,486,540,48
123,exact_replay,R,LL,4480,0.098437,0.0,0.0,1.879104,0.0,0.0,0.0,0.0,nan,nan,0.0,nan,0.131071,nan,0.100018,nan,nan,1,0,1,support_geometry_mixed,441,0,0
123,exact_replay,R,LM,1285,0.074708,0.0,0.0,0.384555,0.0,0.0,0.0,0.0,nan,nan,0.0,nan,0.117387,nan,0.06356,nan,nan,0,0,1,support_geometry_mixed,96,0,0
123,exact_replay,R,LR,4375,0.111086,0.123429,0.010971,2.008265,3.125846,0.001137,0.000129,0.000129,0.800183,0.098765,0.010971,0.15192,0.117946,1.288044,0.108699,0.013247,0.043927,0,0,1,h_not_upstream_of_9C_support,486,540,48
123,exact_replay,R,M,1260,0.0,0.0,0.0,0.0,0.0,0.0,0.0,0.0,nan,nan,0.0,nan,0.119073,nan,nan,nan,nan,0,0,1,support_geometry_mixed,0,0,0
123,exact_replay,R,M,365,0.0,0.0,0.0,0.0,0.0,0.0,0.0,0.0,nan,nan,0.0,nan,0.114166,nan,nan,nan,nan,0,0,1,support_geometry_mixed,0,0,0
123,exact_replay,R,M,1140,0.0,0.144737,0.0,0.0,1.002624,0.0,0.0,0.0,nan,nan,0.0,nan,0.114091,nan,nan,0.049065,nan,0,0,1,support_geometry_mixed,0,165,0
123,exact_replay,R,ML,1260,0.0,0.0,0.0,0.0,0.0,0.0,0.0,0.0,nan,nan,0.0,nan,0.119073,nan,nan,nan,nan,0,0,1,support_geometry_mixed,0,0,0
123,exact_replay,R,MM,365,0.0,0.0,0.0,0.0,0.0,0.0,0.0,0.0,nan,nan,0.0,nan,0.114166,nan,nan,nan,nan,0,0,1,support_geometry_mixed,0,0,0
123,exact_replay,R,MR,1140,0.0,0.144737,0.0,0.0,1.002624,0.0,0.0,0.0,nan,nan,0.0,nan,0.114091,nan,nan,0.049065,nan,0,0,1,support_geometry_mixed,0,165,0
123,exact_replay,R,R,4300,0.11907,0.0,0.0,2.878175,0.0,0.0,0.0,0.0,nan,nan,0.0,nan,0.118001,nan,0.054901,nan,nan,0,0,1,support_geometry_mixed,512,0,0
123,exact_replay,R,R,1060,0.14717,0.0,0.0,0.961504,0.0,0.0,0.0,0.0,nan,nan,0.0,nan,0.113084,nan,0.024323,nan,nan,0,0,1,support_geometry_mixed,156,0,0
123,exact_replay,R,R,4160,0.110577,0.134615,0.016346,2.71864,2.903025,0.002463,0.000271,0.000271,1.098137,0.147826,0.016346,0.158698,0.111447,1.423976,0.06011,0.017636,0.075454,0,0,1,h_not_upstream_of_9C_support,460,560,68
123,exact_replay,R,RL,4300,0.11907,0.0,0.0,2.878175,0.0,0.0,0.0,0.0,nan,nan,0.0,nan,0.118001,nan,0.054901,nan,nan,0,0,1,support_geometry_mixed,512,0,0
123,exact_replay,R,RM,1060,0.14717,0.0,0.0,0.961504,0.0,0.0,0.0,0.0,nan,nan,0.0,nan,0.113084,nan,0.024323,nan,nan,0,0,1,support_geometry_mixed,156,0,0
123,exact_replay,R,RR,4160,0.110577,0.134615,0.016346,2.71864,2.903025,0.002463,0.000271,0.000271,1.098137,0.147826,0.016346,0.158698,0.111447,1.423976,0.06011,0.017636,0.075454,0,1,1,RR_overlap_geometry_split,460,560,68
999,closed_loop,ALL,ALL,53820,0.082367,0.056968,0.004329,25.23302,15.954305,0.007221,0.0011,0.0011,0.922635,0.075995,0.004329,0.13432,0.104502,1.285329,0.057116,0.002681,0.025264,0,0,0,h_not_upstream_of_9C_support,4433,3066,233
999,closed_loop,ALL,LL,11172,0.116183,0.102041,0.00725,8.552435,6.230961,0.003738,0.000618,0.000618,0.611556,0.071053,0.00725,0.146565,0.098899,1.481971,0.068101,0.03264,0.054005,1,0,0,h_not_upstream_of_9C_support,1298,1140,81
999,closed_loop,ALL,LM,3276,0.120879,0.022589,0.002747,2.528011,0.044821,1.5e-05,3e-06,3e-06,1.006143,0.121622,0.002747,0.078064,0.112224,0.695611,0.235206,-0.114842,-0.02327,0,0,0,support_geometry_mixed,396,74,9
999,closed_loop,ALL,LR,10380,0.11975,0.015222,0.001156,7.973711,1.20152,0.000623,0.000159,0.000159,0.634235,0.075949,0.001156,0.099609,0.104014,0.95765,0.073241,-0.019919,-0.001969,0,0,0,h_not_upstream_of_9C_support,1243,158,12
999,closed_loop,ALL,ML,3540,0.042938,0.112994,0.005085,0.110786,1.824722,7.9e-05,1.3e-05,1.3e-05,1.048026,0.118421,0.005085,0.088151,0.107879,0.817134,-0.079181,8.5e-05,-0.017325,0,0,0,h_not_upstream_of_9C_support,152,400,18
999,closed_loop,ALL,MM,1008,0.064484,0.021825,0.0,0.047051,0.0137,0.0,0.0,0.0,0.0,0.0,0.0,nan,0.110316,nan,-0.051077,-0.027495,nan,0,0,0,h_not_upstream_of_9C_support,65,22,0
999,closed_loop,ALL,MR,2892,0.027317,0.007607,0.0,0.058228,0.194147,0.0,0.0,0.0,0.0,0.0,0.0,nan,0.114507,nan,-0.027856,0.016122,nan,0,0,0,h_not_upstream_of_9C_support,79,22,0
999,closed_loop,ALL,RL,9816,0.05216,0.106968,0.009984,2.509824,5.347167,0.002564,0.000266,0.000266,1.789375,0.191406,0.009984,0.146646,0.105084,1.395515,0.046172,0.006897,0.052444,0,0,0,h_not_upstream_of_9C_support,512,1050,98
999,closed_loop,ALL,RM,3192,0.052632,0.022556,0.002506,0.891419,0.047358,2.2e-05,3e-06,3e-06,2.111111,0.111111,0.002506,0.111745,0.105122,1.062999,-0.023469,-0.051926,0.004098,0,0,0,h_not_upstream_of_9C_support,168,72,8
999,closed_loop,ALL,RR,8544,0.060861,0.014981,0.000819,2.561553,1.049909,0.000179,3.9e-05,3.9e-05,0.898558,0.054688,0.000819,0.096422,0.10306,0.935591,0.023055,-0.01242,-0.00247,0,1,0,RR_phi_limited_seed_split,520,128,7
999,closed_loop,L,L,9310,0.114071,0.122449,0.0087,7.154011,6.230961,0.003738,0.000618,0.000618,0.622881,0.076271,0.0087,0.146565,0.100865,1.453083,0.073472,0.027153,0.054851,0,0,0,h_not_upstream_of_9C_support,1062,1140,81
999,closed_loop,L,L,2730,0.118681,0.025641,0.003297,2.114652,0.040649,1.5e-05,3e-06,3e-06,1.083333,0.128571,0.003297,0.078064,0.11453,0.681605,0.238792,-0.117214,-0.02628,0,0,0,support_geometry_mixed,324,70,9
999,closed_loop,L,L,8650,0.117572,0.0,0.0,6.669916,0.0,0.0,0.0,0.0,nan,nan,0.0,nan,0.106144,nan,0.078289,nan,nan,0,0,0,support_geometry_mixed,1017,0,0
999,closed_loop,L,LL,9310,0.114071,0.122449,0.0087,7.154011,6.230961,0.003738,0.000618,0.000618,0.622881,0.076271,0.0087,0.146565,0.100865,1.453083,0.073472,0.027153,0.054851,1,0,0,h_not_upstream_of_9C_support,1062,1140,81
999,closed_loop,L,LM,2730,0.118681,0.025641,0.003297,2.114652,0.040649,1.5e-05,3e-06,3e-06,1.083333,0.128571,0.003297,0.078064,0.11453,0.681605,0.238792,-0.117214,-0.02628,0,0,0,support_geometry_mixed,324,70,9
999,closed_loop,L,LR,8650,0.117572,0.0,0.0,6.669916,0.0,0.0,0.0,0.0,nan,nan,0.0,nan,0.106144,nan,0.078289,nan,nan,0,0,0,support_geometry_mixed,1017,0,0
999,closed_loop,L,M,2950,0.04339,0.135593,0.006102,0.093376,1.824722,7.9e-05,1.3e-05,1.3e-05,1.037109,0.140625,0.006102,0.088151,0.110121,0.800498,-0.07396,-0.007544,-0.020446,0,0,0,h_not_upstream_of_9C_support,128,400,18
999,closed_loop,L,M,840,0.065476,0.02381,0.0,0.03971,0.011614,0.0,0.0,0.0,0.0,0.0,0.0,nan,0.112647,nan,-0.045806,-0.031653,nan,0,0,0,h_not_upstream_of_9C_support,55,20,0
999,closed_loop,L,M,2410,0.027386,0.0,0.0,0.048971,0.0,0.0,0.0,0.0,nan,nan,0.0,nan,0.116876,nan,-0.023446,nan,nan,0,0,0,support_geometry_mixed,66,0,0
999,closed_loop,L,ML,2950,0.04339,0.135593,0.006102,0.093376,1.824722,7.9e-05,1.3e-05,1.3e-05,1.037109,0.140625,0.006102,0.088151,0.110121,0.800498,-0.07396,-0.007544,-0.020446,0,0,0,h_not_upstream_of_9C_support,128,400,18
999,closed_loop,L,MM,840,0.065476,0.02381,0.0,0.03971,0.011614,0.0,0.0,0.0,0.0,0.0,0.0,nan,0.112647,nan,-0.045806,-0.031653,nan,0,0,0,h_not_upstream_of_9C_support,55,20,0
999,closed_loop,L,MR,2410,0.027386,0.0,0.0,0.048971,0.0,0.0,0.0,0.0,nan,nan,0.0,nan,0.116876,nan,-0.023446,nan,nan,0,0,0,support_geometry_mixed,66,0,0
999,closed_loop,L,R,8180,0.054768,0.128362,0.01198,2.139596,5.347167,0.002564,0.000266,0.000266,1.704167,0.21875,0.01198,0.146646,0.107192,1.36807,0.04547,-0.000567,0.052714,0,0,0,h_not_upstream_of_9C_support,448,1050,98
999,closed_loop,L,R,2660,0.055263,0.022556,0.002632,0.759925,0.034842,1.2e-05,1e-06,1e-06,2.111111,0.116667,0.002632,0.126532,0.107257,1.179709,-0.02315,-0.026383,0.011831,0,0,0,h_not_upstream_of_9C_support,147,60,7
999,closed_loop,L,R,7120,0.063904,0.0,0.0,2.183694,0.0,0.0,0.0,0.0,nan,nan,0.0,nan,0.105156,nan,0.022689,nan,nan,0,0,0,support_geometry_mixed,455,0,0
999,closed_loop,L,RL,8180,0.054768,0.128362,0.01198,2.139596,5.347167,0.002564,0.000266,0.000266,1.704167,0.21875,0.01198,0.146646,0.107192,1.36807,0.04547,-0.000567,0.052714,0,0,0,h_not_upstream_of_9C_support,448,1050,98
999,closed_loop,L,RM,2660,0.055263,0.022556,0.002632,0.759925,0.034842,1.2e-05,1e-06,1e-06,2.111111,0.116667,0.002632,0.126532,0.107257,1.179709,-0.02315,-0.026383,0.011831,0,0,0,h_not_upstream_of_9C_support,147,60,7
999,closed_loop,L,RR,7120,0.063904,0.0,0.0,2.183694,0.0,0.0,0.0,0.0,nan,nan,0.0,nan,0.105156,nan,0.022689,nan,nan,0,1,0,support_geometry_mixed,455,0,0
999,closed_loop,R,L,1862,0.126745,0.0,0.0,1.398424,0.0,0.0,0.0,0.0,nan,nan,0.0,nan,0.089153,nan,0.027639,nan,nan,0,0,1,support_geometry_mixed,236,0,0
999,closed_loop,R,L,546,0.131868,0.007326,0.0,0.41336,0.004172,0.0,0.0,0.0,0.0,0.0,0.0,nan,0.100731,nan,0.212117,-0.119522,nan,0,0,1,R_event_overlap_limited,72,4,0
999,closed_loop,R,L,1730,0.130636,0.091329,0.006936,1.303796,1.201519,0.000623,0.000159,0.000159,0.581382,0.075949,0.006936,0.099609,0.093291,1.06772,0.035229,-0.01522,0.008672,0,0,1,R_event_overlap_limited,226,158,12
999,closed_loop,R,LL,1862,0.126745,0.0,0.0,1.398424,0.0,0.0,0.0,0.0,nan,nan,0.0,nan,0.089153,nan,0.027639,nan,nan,1,0,1,support_geometry_mixed,236,0,0
999,closed_loop,R,LM,546,0.131868,0.007326,0.0,0.41336,0.004172,0.0,0.0,0.0,0.0,0.0,0.0,nan,0.100731,nan,0.212117,-0.119522,nan,0,0,1,R_event_overlap_limited,72,4,0
999,closed_loop,R,LR,1730,0.130636,0.091329,0.006936,1.303796,1.201519,0.000623,0.000159,0.000159,0.581382,0.075949,0.006936,0.099609,0.093291,1.06772,0.035229,-0.01522,0.008672,0,0,1,R_event_overlap_limited,226,158,12
999,closed_loop,R,M,590,0.040678,0.0,0.0,0.01741,0.0,0.0,0.0,0.0,nan,nan,0.0,nan,0.096737,nan,-0.122991,nan,nan,0,0,1,support_geometry_mixed,24,0,0
999,closed_loop,R,M,168,0.059524,0.011905,0.0,0.007341,0.002086,0.0,0.0,0.0,0.0,0.0,0.0,nan,0.098661,nan,-0.097207,-0.011995,nan,0,0,1,R_event_overlap_limited,10,2,0
999,closed_loop,R,M,482,0.026971,0.045643,0.0,0.009257,0.194147,0.0,0.0,0.0,0.0,0.0,0.0,nan,0.102661,nan,-0.064312,0.086501,nan,0,0,1,R_event_overlap_limited,13,22,0
999,closed_loop,R,ML,590,0.040678,0.0,0.0,0.01741,0.0,0.0,0.0,0.0,nan,nan,0.0,nan,0.096737,nan,-0.122991,nan,nan,0,0,1,support_geometry_mixed,24,0,0
999,closed_loop,R,MM,168,0.059524,0.011905,0.0,0.007341,0.002086,0.0,0.0,0.0,0.0,0.0,0.0,nan,0.098661,nan,-0.097207,-0.011995,nan,0,0,1,R_event_overlap_limited,10,2,0
999,closed_loop,R,MR,482,0.026971,0.045643,0.0,0.009257,0.194147,0.0,0.0,0.0,0.0,0.0,0.0,nan,0.102661,nan,-0.064312,0.086501,nan,0,0,1,R_event_overlap_limited,13,22,0
999,closed_loop,R,R,1636,0.03912,0.0,0.0,0.370228,0.0,0.0,0.0,0.0,nan,nan,0.0,nan,0.094669,nan,0.047864,nan,nan,0,0,1,support_geometry_mixed,64,0,0
999,closed_loop,R,R,532,0.039474,0.022556,0.00188,0.131495,0.012516,1e-05,2e-06,2e-06,2.111111,0.083333,0.00188,0.008239,0.094459,0.087219,-0.030912,-0.147437,-0.057565,0,0,1,h_not_upstream_of_9C_support,21,12,1
999,closed_loop,R,R,1424,0.045646,0.089888,0.004916,0.377859,1.049909,0.000179,3.9e-05,3.9e-05,1.198077,0.107692,0.004916,0.096422,0.092527,1.042095,0.021343,0.007432,0.004441,0,0,1,h_not_upstream_of_9C_support,65,128,7
999,closed_loop,R,RL,1636,0.03912,0.0,0.0,0.370228,0.0,0.0,0.0,0.0,nan,nan,0.0,nan,0.094669,nan,0.047864,nan,nan,0,0,1,support_geometry_mixed,64,0,0
999,closed_loop,R,RM,532,0.039474,0.022556,0.00188,0.131495,0.012516,1e-05,2e-06,2e-06,2.111111,0.083333,0.00188,0.008239,0.094459,0.087219,-0.030912,-0.147437,-0.057565,0,0,1,h_not_upstream_of_9C_support,21,12,1
999,closed_loop,R,RR,1424,0.045646,0.089888,0.004916,0.377859,1.049909,0.000179,3.9e-05,3.9e-05,1.198077,0.107692,0.004916,0.096422,0.092527,1.042095,0.021343,0.007432,0.004441,0,1,1,RR_trace_limited_seed_split,65,128,7
999,divergent_warmup_replay,ALL,ALL,53820,0.082367,0.056968,0.004329,25.23302,15.954305,0.007221,0.0011,0.0011,0.922635,0.075995,0.004329,0.140987,0.108514,1.299249,0.054128,0.002087,0.026384,0,0,0,h_not_upstream_of_9C_support,4433,3066,233
999,divergent_warmup_replay,ALL,LL,11172,0.116183,0.102041,0.00725,8.552435,6.230961,0.003738,0.000618,0.000618,0.611556,0.071053,0.00725,0.153316,0.101869,1.505038,0.071727,0.03268,0.055816,1,0,0,h_not_upstream_of_9C_support,1298,1140,81
999,divergent_warmup_replay,ALL,LM,3276,0.120879,0.022589,0.002747,2.528011,0.044821,1.5e-05,3e-06,3e-06,1.006143,0.121622,0.002747,0.085529,0.115492,0.740565,0.234924,-0.088492,-0.019596,0,0,0,support_geometry_mixed,396,74,9
999,divergent_warmup_replay,ALL,LR,10380,0.11975,0.015222,0.001156,7.973711,1.20152,0.000623,0.000159,0.000159,0.634235,0.075949,0.001156,0.098265,0.10817,0.908425,0.072314,-0.02884,-0.004248,0,0,0,h_not_upstream_of_9C_support,1243,158,12
999,divergent_warmup_replay,ALL,ML,3540,0.042938,0.112994,0.005085,0.110786,1.824722,7.9e-05,1.3e-05,1.3e-05,1.048026,0.118421,0.005085,0.116745,0.111537,1.046691,-0.052681,0.008147,0.004391,0,0,0,h_not_upstream_of_9C_support,152,400,18
999,divergent_warmup_replay,ALL,MM,1008,0.064484,0.021825,0.0,0.047051,0.0137,0.0,0.0,0.0,0.0,0.0,0.0,nan,0.115575,nan,-0.027283,0.003544,nan,0,0,0,h_not_upstream_of_9C_support,65,22,0
999,divergent_warmup_replay,ALL,MR,2892,0.027317,0.007607,0.0,0.058228,0.194147,0.0,0.0,0.0,0.0,0.0,0.0,nan,0.120056,nan,-0.005263,0.003851,nan,0,0,0,h_not_upstream_of_9C_support,79,22,0
999,divergent_warmup_replay,ALL,RL,9816,0.05216,0.106968,0.009984,2.509824,5.347167,0.002564,0.000266,0.000266,1.789375,0.191406,0.009984,0.150274,0.109183,1.376344,0.032785,0.014205,0.049793,0,0,0,h_not_upstream_of_9C_support,512,1050,98
999,divergent_warmup_replay,ALL,RM,3192,0.052632,0.022556,0.002506,0.891419,0.047358,2.2e-05,3e-06,3e-06,2.111111,0.111111,0.002506,0.134883,0.109365,1.233337,-0.027287,-0.026314,0.015159,0,0,0,h_not_upstream_of_9C_support,168,72,8
999,divergent_warmup_replay,ALL,RR,8544,0.060861,0.014981,0.000819,2.561553,1.049909,0.000179,3.9e-05,3.9e-05,0.898558,0.054688,0.000819,0.082147,0.107824,0.761859,0.010887,-0.022195,-0.009159,0,1,0,RR_phi_limited_seed_split,520,128,7
999,divergent_warmup_replay,L,L,9310,0.114071,0.122449,0.0087,7.154011,6.230961,0.003738,0.000618,0.000618,0.622881,0.076271,0.0087,0.153316,0.103907,1.475513,0.076549,0.027313,0.056937,0,0,0,h_not_upstream_of_9C_support,1062,1140,81
999,divergent_warmup_replay,L,L,2730,0.118681,0.025641,0.003297,2.114652,0.040649,1.5e-05,3e-06,3e-06,1.083333,0.128571,0.003297,0.085529,0.117884,0.725539,0.23842,-0.085861,-0.022449,0,0,0,support_geometry_mixed,324,70,9
999,divergent_warmup_replay,L,L,8650,0.117572,0.0,0.0,6.669916,0.0,0.0,0.0,0.0,nan,nan,0.0,nan,0.110399,nan,0.076994,nan,nan,0,0,0,support_geometry_mixed,1017,0,0
999,divergent_warmup_replay,L,LL,9310,0.114071,0.122449,0.0087,7.154011,6.230961,0.003738,0.000618,0.000618,0.622881,0.076271,0.0087,0.153316,0.103907,1.475513,0.076549,0.027313,0.056937,1,0,0,h_not_upstream_of_9C_support,1062,1140,81
999,divergent_warmup_replay,L,LM,2730,0.118681,0.025641,0.003297,2.114652,0.040649,1.5e-05,3e-06,3e-06,1.083333,0.128571,0.003297,0.085529,0.117884,0.725539,0.23842,-0.085861,-0.022449,0,0,0,support_geometry_mixed,324,70,9
999,divergent_warmup_replay,L,LR,8650,0.117572,0.0,0.0,6.669916,0.0,0.0,0.0,0.0,nan,nan,0.0,nan,0.110399,nan,0.076994,nan,nan,0,0,0,support_geometry_mixed,1017,0,0
999,divergent_warmup_replay,L,M,2950,0.04339,0.135593,0.006102,0.093376,1.824722,7.9e-05,1.3e-05,1.3e-05,1.037109,0.140625,0.006102,0.116745,0.113826,1.025642,-0.049663,0.001131,0.002614,0,0,0,h_not_upstream_of_9C_support,128,400,18
999,divergent_warmup_replay,L,M,840,0.065476,0.02381,0.0,0.03971,0.011614,0.0,0.0,0.0,0.0,0.0,0.0,nan,0.117962,nan,-0.023849,0.008976,nan,0,0,0,h_not_upstream_of_9C_support,55,20,0
999,divergent_warmup_replay,L,M,2410,0.027386,0.0,0.0,0.048971,0.0,0.0,0.0,0.0,nan,nan,0.0,nan,0.122471,nan,-0.002741,nan,nan,0,0,0,support_geometry_mixed,66,0,0
999,divergent_warmup_replay,L,ML,2950,0.04339,0.135593,0.006102,0.093376,1.824722,7.9e-05,1.3e-05,1.3e-05,1.037109,0.140625,0.006102,0.116745,0.113826,1.025642,-0.049663,0.001131,0.002614,0,0,0,h_not_upstream_of_9C_support,128,400,18
999,divergent_warmup_replay,L,MM,840,0.065476,0.02381,0.0,0.03971,0.011614,0.0,0.0,0.0,0.0,0.0,0.0,nan,0.117962,nan,-0.023849,0.008976,nan,0,0,0,h_not_upstream_of_9C_support,55,20,0
999,divergent_warmup_replay,L,MR,2410,0.027386,0.0,0.0,0.048971,0.0,0.0,0.0,0.0,nan,nan,0.0,nan,0.122471,nan,-0.002741,nan,nan,0,0,0,support_geometry_mixed,66,0,0
999,divergent_warmup_replay,L,R,8180,0.054768,0.128362,0.01198,2.139596,5.347167,0.002564,0.000266,0.000266,1.704167,0.21875,0.01198,0.150274,0.11139,1.349084,0.032792,0.00723,0.050005,0,0,0,h_not_upstream_of_9C_support,448,1050,98
999,divergent_warmup_replay,L,R,2660,0.055263,0.022556,0.002632,0.759925,0.034842,1.2e-05,1e-06,1e-06,2.111111,0.116667,0.002632,0.153253,0.111552,1.373831,-0.026678,0.010888,0.024619,0,0,0,h_not_upstream_of_9C_support,147,60,7
999,divergent_warmup_replay,L,R,7120,0.063904,0.0,0.0,2.183694,0.0,0.0,0.0,0.0,nan,nan,0.0,nan,0.110021,nan,0.011091,nan,nan,0,0,0,support_geometry_mixed,455,0,0
999,divergent_warmup_replay,L,RL,8180,0.054768,0.128362,0.01198,2.139596,5.347167,0.002564,0.000266,0.000266,1.704167,0.21875,0.01198,0.150274,0.11139,1.349084,0.032792,0.00723,0.050005,0,0,0,h_not_upstream_of_9C_support,448,1050,98
999,divergent_warmup_replay,L,RM,2660,0.055263,0.022556,0.002632,0.759925,0.034842,1.2e-05,1e-06,1e-06,2.111111,0.116667,0.002632,0.153253,0.111552,1.373831,-0.026678,0.010888,0.024619,0,0,0,h_not_upstream_of_9C_support,147,60,7
999,divergent_warmup_replay,L,RR,7120,0.063904,0.0,0.0,2.183694,0.0,0.0,0.0,0.0,nan,nan,0.0,nan,0.110021,nan,0.011091,nan,nan,0,1,0,support_geometry_mixed,455,0,0
999,divergent_warmup_replay,R,L,1862,0.126745,0.0,0.0,1.398424,0.0,0.0,0.0,0.0,nan,nan,0.0,nan,0.091765,nan,0.036227,nan,nan,0,0,1,support_geometry_mixed,236,0,0
999,divergent_warmup_replay,R,L,546,0.131868,0.007326,0.0,0.41336,0.004172,0.0,0.0,0.0,0.0,0.0,0.0,nan,0.103572,nan,0.212554,-0.124561,nan,0,0,1,R_event_overlap_limited,72,4,0
999,divergent_warmup_replay,R,L,1730,0.130636,0.091329,0.006936,1.303796,1.201519,0.000623,0.000159,0.000159,0.581382,0.075949,0.006936,0.098265,0.09695,1.013557,0.037692,-0.042418,0.0017,0,0,1,R_event_overlap_limited,226,158,12
999,divergent_warmup_replay,R,LL,1862,0.126745,0.0,0.0,1.398424,0.0,0.0,0.0,0.0,nan,nan,0.0,nan,0.091765,nan,0.036227,nan,nan,1,0,1,support_geometry_mixed,236,0,0
999,divergent_warmup_replay,R,LM,546,0.131868,0.007326,0.0,0.41336,0.004172,0.0,0.0,0.0,0.0,0.0,0.0,nan,0.103572,nan,0.212554,-0.124561,nan,0,0,1,R_event_overlap_limited,72,4,0
999,divergent_warmup_replay,R,LR,1730,0.130636,0.091329,0.006936,1.303796,1.201519,0.000623,0.000159,0.000159,0.581382,0.075949,0.006936,0.098265,0.09695,1.013557,0.037692,-0.042418,0.0017,0,0,1,R_event_overlap_limited,226,158,12
999,divergent_warmup_replay,R,M,590,0.040678,0.0,0.0,0.01741,0.0,0.0,0.0,0.0,nan,nan,0.0,nan,0.100161,nan,-0.078488,nan,nan,0,0,1,support_geometry_mixed,24,0,0
999,divergent_warmup_replay,R,M,168,0.059524,0.011905,0.0,0.007341,0.002086,0.0,0.0,0.0,0.0,0.0,0.0,nan,0.103642,nan,-0.057752,-0.02568,nan,0,0,1,R_event_overlap_limited,10,2,0
999,divergent_warmup_replay,R,M,482,0.026971,0.045643,0.0,0.009257,0.194147,0.0,0.0,0.0,0.0,0.0,0.0,nan,0.107983,nan,-0.025956,0.045674,nan,0,0,1,R_event_overlap_limited,13,22,0
999,divergent_warmup_replay,R,ML,590,0.040678,0.0,0.0,0.01741,0.0,0.0,0.0,0.0,nan,nan,0.0,nan,0.100161,nan,-0.078488,nan,nan,0,0,1,support_geometry_mixed,24,0,0
999,divergent_warmup_replay,R,MM,168,0.059524,0.011905,0.0,0.007341,0.002086,0.0,0.0,0.0,0.0,0.0,0.0,nan,0.103642,nan,-0.057752,-0.02568,nan,0,0,1,R_event_overlap_limited,10,2,0
999,divergent_warmup_replay,R,MR,482,0.026971,0.045643,0.0,0.009257,0.194147,0.0,0.0,0.0,0.0,0.0,0.0,nan,0.107983,nan,-0.025956,0.045674,nan,0,0,1,R_event_overlap_limited,13,22,0
999,divergent_warmup_replay,R,R,1636,0.03912,0.0,0.0,0.370228,0.0,0.0,0.0,0.0,nan,nan,0.0,nan,0.098285,nan,0.028746,nan,nan,0,0,1,support_geometry_mixed,64,0,0
999,divergent_warmup_replay,R,R,532,0.039474,0.022556,0.00188,0.131495,0.012516,1e-05,2e-06,2e-06,2.111111,0.083333,0.00188,0.006294,0.098437,0.063937,-0.036789,-0.15378,-0.058188,0,0,1,h_not_upstream_of_9C_support,21,12,1
999,divergent_warmup_replay,R,R,1424,0.045646,0.089888,0.004916,0.377859,1.049909,0.000179,3.9e-05,3.9e-05,1.198077,0.107692,0.004916,0.082147,0.096787,0.848735,0.004558,-0.022568,-0.01573,0,0,1,h_not_upstream_of_9C_support,65,128,7
999,divergent_warmup_replay,R,RL,1636,0.03912,0.0,0.0,0.370228,0.0,0.0,0.0,0.0,nan,nan,0.0,nan,0.098285,nan,0.028746,nan,nan,0,0,1,support_geometry_mixed,64,0,0
999,divergent_warmup_replay,R,RM,532,0.039474,0.022556,0.00188,0.131495,0.012516,1e-05,2e-06,2e-06,2.111111,0.083333,0.00188,0.006294,0.098437,0.063937,-0.036789,-0.15378,-0.058188,0,0,1,h_not_upstream_of_9C_support,21,12,1
999,divergent_warmup_replay,R,RR,1424,0.045646,0.089888,0.004916,0.377859,1.049909,0.000179,3.9e-05,3.9e-05,1.198077,0.107692,0.004916,0.082147,0.096787,0.848735,0.004558,-0.022568,-0.01573,0,1,1,RR_trace_limited_seed_split,65,128,7
999,exact_replay,ALL,ALL,53820,0.082367,0.056968,0.004329,25.23302,15.954305,0.007221,0.0011,0.0011,0.922635,0.075995,0.004329,0.13432,0.104502,1.285329,0.057116,0.002681,0.025264,0,0,0,h_not_upstream_of_9C_support,4433,3066,233
999,exact_replay,ALL,LL,11172,0.116183,0.102041,0.00725,8.552435,6.230961,0.003738,0.000618,0.000618,0.611556,0.071053,0.00725,0.146565,0.098899,1.481971,0.068101,0.03264,0.054005,1,0,0,h_not_upstream_of_9C_support,1298,1140,81
999,exact_replay,ALL,LM,3276,0.120879,0.022589,0.002747,2.528011,0.044821,1.5e-05,3e-06,3e-06,1.006143,0.121622,0.002747,0.078064,0.112224,0.695611,0.235206,-0.114842,-0.02327,0,0,0,support_geometry_mixed,396,74,9
999,exact_replay,ALL,LR,10380,0.11975,0.015222,0.001156,7.973711,1.20152,0.000623,0.000159,0.000159,0.634235,0.075949,0.001156,0.099609,0.104014,0.95765,0.073241,-0.019919,-0.001969,0,0,0,h_not_upstream_of_9C_support,1243,158,12
999,exact_replay,ALL,ML,3540,0.042938,0.112994,0.005085,0.110786,1.824722,7.9e-05,1.3e-05,1.3e-05,1.048026,0.118421,0.005085,0.088151,0.107879,0.817134,-0.079181,8.5e-05,-0.017325,0,0,0,h_not_upstream_of_9C_support,152,400,18
999,exact_replay,ALL,MM,1008,0.064484,0.021825,0.0,0.047051,0.0137,0.0,0.0,0.0,0.0,0.0,0.0,nan,0.110316,nan,-0.051077,-0.027495,nan,0,0,0,h_not_upstream_of_9C_support,65,22,0
999,exact_replay,ALL,MR,2892,0.027317,0.007607,0.0,0.058228,0.194147,0.0,0.0,0.0,0.0,0.0,0.0,nan,0.114507,nan,-0.027856,0.016122,nan,0,0,0,h_not_upstream_of_9C_support,79,22,0
999,exact_replay,ALL,RL,9816,0.05216,0.106968,0.009984,2.509824,5.347167,0.002564,0.000266,0.000266,1.789375,0.191406,0.009984,0.146646,0.105084,1.395515,0.046172,0.006897,0.052444,0,0,0,h_not_upstream_of_9C_support,512,1050,98
999,exact_replay,ALL,RM,3192,0.052632,0.022556,0.002506,0.891419,0.047358,2.2e-05,3e-06,3e-06,2.111111,0.111111,0.002506,0.111745,0.105122,1.062999,-0.023469,-0.051926,0.004098,0,0,0,h_not_upstream_of_9C_support,168,72,8
999,exact_replay,ALL,RR,8544,0.060861,0.014981,0.000819,2.561553,1.049909,0.000179,3.9e-05,3.9e-05,0.898558,0.054688,0.000819,0.096422,0.10306,0.935591,0.023055,-0.01242,-0.00247,0,1,0,RR_phi_limited_seed_split,520,128,7
999,exact_replay,L,L,9310,0.114071,0.122449,0.0087,7.154011,6.230961,0.003738,0.000618,0.000618,0.622881,0.076271,0.0087,0.146565,0.100865,1.453083,0.073472,0.027153,0.054851,0,0,0,h_not_upstream_of_9C_support,1062,1140,81
999,exact_replay,L,L,2730,0.118681,0.025641,0.003297,2.114652,0.040649,1.5e-05,3e-06,3e-06,1.083333,0.128571,0.003297,0.078064,0.11453,0.681605,0.238792,-0.117214,-0.02628,0,0,0,support_geometry_mixed,324,70,9
999,exact_replay,L,L,8650,0.117572,0.0,0.0,6.669916,0.0,0.0,0.0,0.0,nan,nan,0.0,nan,0.106144,nan,0.078289,nan,nan,0,0,0,support_geometry_mixed,1017,0,0
999,exact_replay,L,LL,9310,0.114071,0.122449,0.0087,7.154011,6.230961,0.003738,0.000618,0.000618,0.622881,0.076271,0.0087,0.146565,0.100865,1.453083,0.073472,0.027153,0.054851,1,0,0,h_not_upstream_of_9C_support,1062,1140,81
999,exact_replay,L,LM,2730,0.118681,0.025641,0.003297,2.114652,0.040649,1.5e-05,3e-06,3e-06,1.083333,0.128571,0.003297,0.078064,0.11453,0.681605,0.238792,-0.117214,-0.02628,0,0,0,support_geometry_mixed,324,70,9
999,exact_replay,L,LR,8650,0.117572,0.0,0.0,6.669916,0.0,0.0,0.0,0.0,nan,nan,0.0,nan,0.106144,nan,0.078289,nan,nan,0,0,0,support_geometry_mixed,1017,0,0
999,exact_replay,L,M,2950,0.04339,0.135593,0.006102,0.093376,1.824722,7.9e-05,1.3e-05,1.3e-05,1.037109,0.140625,0.006102,0.088151,0.110121,0.800498,-0.07396,-0.007544,-0.020446,0,0,0,h_not_upstream_of_9C_support,128,400,18
999,exact_replay,L,M,840,0.065476,0.02381,0.0,0.03971,0.011614,0.0,0.0,0.0,0.0,0.0,0.0,nan,0.112647,nan,-0.045806,-0.031653,nan,0,0,0,h_not_upstream_of_9C_support,55,20,0
999,exact_replay,L,M,2410,0.027386,0.0,0.0,0.048971,0.0,0.0,0.0,0.0,nan,nan,0.0,nan,0.116876,nan,-0.023446,nan,nan,0,0,0,support_geometry_mixed,66,0,0
999,exact_replay,L,ML,2950,0.04339,0.135593,0.006102,0.093376,1.824722,7.9e-05,1.3e-05,1.3e-05,1.037109,0.140625,0.006102,0.088151,0.110121,0.800498,-0.07396,-0.007544,-0.020446,0,0,0,h_not_upstream_of_9C_support,128,400,18
999,exact_replay,L,MM,840,0.065476,0.02381,0.0,0.03971,0.011614,0.0,0.0,0.0,0.0,0.0,0.0,nan,0.112647,nan,-0.045806,-0.031653,nan,0,0,0,h_not_upstream_of_9C_support,55,20,0
999,exact_replay,L,MR,2410,0.027386,0.0,0.0,0.048971,0.0,0.0,0.0,0.0,nan,nan,0.0,nan,0.116876,nan,-0.023446,nan,nan,0,0,0,support_geometry_mixed,66,0,0
999,exact_replay,L,R,8180,0.054768,0.128362,0.01198,2.139596,5.347167,0.002564,0.000266,0.000266,1.704167,0.21875,0.01198,0.146646,0.107192,1.36807,0.04547,-0.000567,0.052714,0,0,0,h_not_upstream_of_9C_support,448,1050,98
999,exact_replay,L,R,2660,0.055263,0.022556,0.002632,0.759925,0.034842,1.2e-05,1e-06,1e-06,2.111111,0.116667,0.002632,0.126532,0.107257,1.179709,-0.02315,-0.026383,0.011831,0,0,0,h_not_upstream_of_9C_support,147,60,7
999,exact_replay,L,R,7120,0.063904,0.0,0.0,2.183694,0.0,0.0,0.0,0.0,nan,nan,0.0,nan,0.105156,nan,0.022689,nan,nan,0,0,0,support_geometry_mixed,455,0,0
999,exact_replay,L,RL,8180,0.054768,0.128362,0.01198,2.139596,5.347167,0.002564,0.000266,0.000266,1.704167,0.21875,0.01198,0.146646,0.107192,1.36807,0.04547,-0.000567,0.052714,0,0,0,h_not_upstream_of_9C_support,448,1050,98
999,exact_replay,L,RM,2660,0.055263,0.022556,0.002632,0.759925,0.034842,1.2e-05,1e-06,1e-06,2.111111,0.116667,0.002632,0.126532,0.107257,1.179709,-0.02315,-0.026383,0.011831,0,0,0,h_not_upstream_of_9C_support,147,60,7
999,exact_replay,L,RR,7120,0.063904,0.0,0.0,2.183694,0.0,0.0,0.0,0.0,nan,nan,0.0,nan,0.105156,nan,0.022689,nan,nan,0,1,0,support_geometry_mixed,455,0,0
999,exact_replay,R,L,1862,0.126745,0.0,0.0,1.398424,0.0,0.0,0.0,0.0,nan,nan,0.0,nan,0.089153,nan,0.027639,nan,nan,0,0,1,support_geometry_mixed,236,0,0
999,exact_replay,R,L,546,0.131868,0.007326,0.0,0.41336,0.004172,0.0,0.0,0.0,0.0,0.0,0.0,nan,0.100731,nan,0.212117,-0.119522,nan,0,0,1,R_event_overlap_limited,72,4,0
999,exact_replay,R,L,1730,0.130636,0.091329,0.006936,1.303796,1.201519,0.000623,0.000159,0.000159,0.581382,0.075949,0.006936,0.099609,0.093291,1.06772,0.035229,-0.01522,0.008672,0,0,1,R_event_overlap_limited,226,158,12
999,exact_replay,R,LL,1862,0.126745,0.0,0.0,1.398424,0.0,0.0,0.0,0.0,nan,nan,0.0,nan,0.089153,nan,0.027639,nan,nan,1,0,1,support_geometry_mixed,236,0,0
999,exact_replay,R,LM,546,0.131868,0.007326,0.0,0.41336,0.004172,0.0,0.0,0.0,0.0,0.0,0.0,nan,0.100731,nan,0.212117,-0.119522,nan,0,0,1,R_event_overlap_limited,72,4,0
999,exact_replay,R,LR,1730,0.130636,0.091329,0.006936,1.303796,1.201519,0.000623,0.000159,0.000159,0.581382,0.075949,0.006936,0.099609,0.093291,1.06772,0.035229,-0.01522,0.008672,0,0,1,R_event_overlap_limited,226,158,12
999,exact_replay,R,M,590,0.040678,0.0,0.0,0.01741,0.0,0.0,0.0,0.0,nan,nan,0.0,nan,0.096737,nan,-0.122991,nan,nan,0,0,1,support_geometry_mixed,24,0,0
999,exact_replay,R,M,168,0.059524,0.011905,0.0,0.007341,0.002086,0.0,0.0,0.0,0.0,0.0,0.0,nan,0.098661,nan,-0.097207,-0.011995,nan,0,0,1,R_event_overlap_limited,10,2,0
999,exact_replay,R,M,482,0.026971,0.045643,0.0,0.009257,0.194147,0.0,0.0,0.0,0.0,0.0,0.0,nan,0.102661,nan,-0.064312,0.086501,nan,0,0,1,R_event_overlap_limited,13,22,0
999,exact_replay,R,ML,590,0.040678,0.0,0.0,0.01741,0.0,0.0,0.0,0.0,nan,nan,0.0,nan,0.096737,nan,-0.122991,nan,nan,0,0,1,support_geometry_mixed,24,0,0
999,exact_replay,R,MM,168,0.059524,0.011905,0.0,0.007341,0.002086,0.0,0.0,0.0,0.0,0.0,0.0,nan,0.098661,nan,-0.097207,-0.011995,nan,0,0,1,R_event_overlap_limited,10,2,0
999,exact_replay,R,MR,482,0.026971,0.045643,0.0,0.009257,0.194147,0.0,0.0,0.0,0.0,0.0,0.0,nan,0.102661,nan,-0.064312,0.086501,nan,0,0,1,R_event_overlap_limited,13,22,0
999,exact_replay,R,R,1636,0.03912,0.0,0.0,0.370228,0.0,0.0,0.0,0.0,nan,nan,0.0,nan,0.094669,nan,0.047864,nan,nan,0,0,1,support_geometry_mixed,64,0,0
999,exact_replay,R,R,532,0.039474,0.022556,0.00188,0.131495,0.012516,1e-05,2e-06,2e-06,2.111111,0.083333,0.00188,0.008239,0.094459,0.087219,-0.030912,-0.147437,-0.057565,0,0,1,h_not_upstream_of_9C_support,21,12,1
999,exact_replay,R,R,1424,0.045646,0.089888,0.004916,0.377859,1.049909,0.000179,3.9e-05,3.9e-05,1.198077,0.107692,0.004916,0.096422,0.092527,1.042095,0.021343,0.007432,0.004441,0,0,1,h_not_upstream_of_9C_support,65,128,7
999,exact_replay,R,RL,1636,0.03912,0.0,0.0,0.370228,0.0,0.0,0.0,0.0,nan,nan,0.0,nan,0.094669,nan,0.047864,nan,nan,0,0,1,support_geometry_mixed,64,0,0
999,exact_replay,R,RM,532,0.039474,0.022556,0.00188,0.131495,0.012516,1e-05,2e-06,2e-06,2.111111,0.083333,0.00188,0.008239,0.094459,0.087219,-0.030912,-0.147437,-0.057565,0,0,1,h_not_upstream_of_9C_support,21,12,1
999,exact_replay,R,RR,1424,0.045646,0.089888,0.004916,0.377859,1.049909,0.000179,3.9e-05,3.9e-05,1.198077,0.107692,0.004916,0.096422,0.092527,1.042095,0.021343,0.007432,0.004441,0,1,1,RR_trace_limited_seed_split,65,128,7
